META,META220722C00050000,META/LK2Qf.O
META,META220722C00070000,META/LK2wr.O
META,META220722C00100000,META/LK2g^.O
META,META220722C00110000,META/LK2wEB.O
META,META220722C00115000,META/LK24HB.O
META,META220722C00120000,META/LK2ALB.O
META,META220722C00125000,META/LK2IOB.O
META,META220722C00130000,META/LK2QRB.O
META,META220722C00131000,META/LK24RB.O
META,META220722C00135000,META/LK2YUB.O
META,META220722C00136000,META/LK2AVB.O
META,META220722C00138000,META/LK2QWB.O
META,META220722C00139000,META/LK24WB.O
META,META220722C00140000,META/LK2gXB.O
META,META220722C00141000,META/LK2IYB.O
META,META220722C00142000,META/LK2wYB.O
META,META220722C00143000,META/LK2YZB.O
META,META220722C00144000,META/LK2AaB.O
META,META220722C00145000,META/LK2oaB.O
META,META220722C00146000,META/LK2QbB.O
META,META220722C00147000,META/LK24bB.O
META,META220722C00148000,META/LK2gcB.O
META,META220722C00149000,META/LK2IdB.O
META,META220722C00150000,META/LK2wdB.O
META,META220722C00152500,META/LK2UfB.O
META,META220722C00155000,META/LK24gB.O
META,META220722C00157500,META/LK2ciB.O
META,META220722C00160000,META/LK2AkB.O
META,META220722C00162500,META/LK2klB.O
META,META220722C00165000,META/LK2InB.O
META,META220722C00167500,META/LK2soB.O
META,META220722C00170000,META/LK2QqB.O
META,META220722C00172500,META/LK20rB.O
META,META220722C00175000,META/LK2YtB.O
META,META220722C00177500,META/LK28uB.O
META,META220722C00180000,META/LK2gwB.O
META,META220722C00182500,META/LK2EyB.O
META,META220722C00185000,META/LK2ozB.O
META,META220722C00187500,META/LK2M1B.O
META,META220722C00190000,META/LK2w2B.O
META,META220722C00192500,META/LK2U4B.O
META,META220722C00195000,META/LK245B.O
META,META220722C00197500,META/LK2c7B.O
META,META220722C00200000,META/LK2A9B.O
META,META220722C00202500,META/LK2k^B.O
META,META220722C00205000,META/LK2IAC.O
META,META220722C00207500,META/LK2sBC.O
META,META220722C00210000,META/LK2QDC.O
META,META220722C00212500,META/LK20EC.O
META,META220722C00215000,META/LK2YGC.O
META,META220722C00220000,META/LK2gJC.O
META,META220722C00225000,META/LK2oMC.O
META,META220722C00230000,META/LK2wPC.O
META,META220722C00235000,META/LK24SC.O
META,META220722C00240000,META/LK2AWC.O
META,META220722C00245000,META/LK2IZC.O
META,META220722C00250000,META/LK2QcC.O
META,META220722C00255000,META/LK2YfC.O
META,META220722C00260000,META/LK2giC.O
META,META220722C00265000,META/LK2olC.O
META,META220722C00270000,META/LK2woC.O
META,META220722C00275000,META/LK24rC.O
META,META220722C00280000,META/LK2AvC.O
META,META220722C00285000,META/LK2IyC.O
META,META220722C00290000,META/LK2Q1C.O
META,META220722C00295000,META/LK2Y4C.O
META,META220722C00300000,META/LK2g7C.O
META,META220722C00310000,META/LK2wBD.O
META,META220722C00320000,META/LK2AID.O
META,META220722C00330000,META/LK2QOD.O
META,META220722C00340000,META/LK2gUD.O
META,META220722C00350000,META/LK2waD.O
META,META220722C00380000,META/LK2gtD.O
META,META220722P00050000,META/LW2Qf.O
META,META220722P00070000,META/LW2wr.O
META,META220722P00080000,META/LW2Ay.O
META,META220722P00090000,META/LW2Q4.O
META,META220722P00095000,META/LW2Y7.O
META,META220722P00100000,META/LW2g^.O
META,META220722P00105000,META/LW2oBB.O
META,META220722P00110000,META/LW2wEB.O
META,META220722P00115000,META/LW24HB.O
META,META220722P00120000,META/LW2ALB.O
META,META220722P00121000,META/LW2oLB.O
META,META220722P00122000,META/LW2QMB.O
META,META220722P00123000,META/LW24MB.O
META,META220722P00124000,META/LW2gNB.O
META,META220722P00125000,META/LW2IOB.O
META,META220722P00126000,META/LW2wOB.O
META,META220722P00127000,META/LW2YPB.O
META,META220722P00128000,META/LW2AQB.O
META,META220722P00129000,META/LW2oQB.O
META,META220722P00130000,META/LW2QRB.O
META,META220722P00131000,META/LW24RB.O
META,META220722P00132000,META/LW2gSB.O
META,META220722P00133000,META/LW2ITB.O
META,META220722P00134000,META/LW2wTB.O
META,META220722P00135000,META/LW2YUB.O
META,META220722P00136000,META/LW2AVB.O
META,META220722P00137000,META/LW2oVB.O
META,META220722P00138000,META/LW2QWB.O
META,META220722P00139000,META/LW24WB.O
META,META220722P00140000,META/LW2gXB.O
META,META220722P00141000,META/LW2IYB.O
META,META220722P00142000,META/LW2wYB.O
META,META220722P00143000,META/LW2YZB.O
META,META220722P00144000,META/LW2AaB.O
META,META220722P00145000,META/LW2oaB.O
META,META220722P00146000,META/LW2QbB.O
META,META220722P00147000,META/LW24bB.O
META,META220722P00148000,META/LW2gcB.O
META,META220722P00149000,META/LW2IdB.O
META,META220722P00150000,META/LW2wdB.O
META,META220722P00152500,META/LW2UfB.O
META,META220722P00155000,META/LW24gB.O
META,META220722P00157500,META/LW2ciB.O
META,META220722P00160000,META/LW2AkB.O
META,META220722P00162500,META/LW2klB.O
META,META220722P00165000,META/LW2InB.O
META,META220722P00167500,META/LW2soB.O
META,META220722P00170000,META/LW2QqB.O
META,META220722P00172500,META/LW20rB.O
META,META220722P00175000,META/LW2YtB.O
META,META220722P00177500,META/LW28uB.O
META,META220722P00180000,META/LW2gwB.O
META,META220722P00182500,META/LW2EyB.O
META,META220722P00185000,META/LW2ozB.O
META,META220722P00187500,META/LW2M1B.O
META,META220722P00190000,META/LW2w2B.O
META,META220722P00192500,META/LW2U4B.O
META,META220722P00195000,META/LW245B.O
META,META220722P00197500,META/LW2c7B.O
META,META220722P00200000,META/LW2A9B.O
META,META220722P00205000,META/LW2IAC.O
META,META220722P00210000,META/LW2QDC.O
META,META220722P00215000,META/LW2YGC.O
META,META220722P00220000,META/LW2gJC.O
META,META220722P00225000,META/LW2oMC.O
META,META220722P00230000,META/LW2wPC.O
META,META220722P00235000,META/LW24SC.O
META,META220722P00240000,META/LW2AWC.O
META,META220722P00250000,META/LW2QcC.O
META,META220722P00260000,META/LW2giC.O
META,META220722P00280000,META/LW2AvC.O
META,META220722P00290000,META/LW2Q1C.O
META,META220722P00300000,META/LW2g7C.O
META,META220722P00310000,META/LW2wBD.O
META,META220722P00320000,META/LW2AID.O
META,META220722P00360000,META/LW2AhD.O
META,META220729C00085000,META/LK9I1.O
META,META220729C00090000,META/LK9Q4.O
META,META220729C00100000,META/LK9g^.O
META,META220729C00105000,META/LK9oBB.O
META,META220729C00110000,META/LK9wEB.O
META,META220729C00115000,META/LK94HB.O
META,META220729C00120000,META/LK9ALB.O
META,META220729C00125000,META/LK9IOB.O
META,META220729C00130000,META/LK9QRB.O
META,META220729C00135000,META/LK9YUB.O
META,META220729C00137000,META/LK9oVB.O
META,META220729C00140000,META/LK9gXB.O
META,META220729C00142000,META/LK9wYB.O
META,META220729C00144000,META/LK9AaB.O
META,META220729C00145000,META/LK9oaB.O
META,META220729C00148000,META/LK9gcB.O
META,META220729C00149000,META/LK9IdB.O
META,META220729C00150000,META/LK9wdB.O
META,META220729C00152500,META/LK9UfB.O
META,META220729C00155000,META/LK94gB.O
META,META220729C00157500,META/LK9ciB.O
META,META220729C00160000,META/LK9AkB.O
META,META220729C00162500,META/LK9klB.O
META,META220729C00165000,META/LK9InB.O
META,META220729C00167500,META/LK9soB.O
META,META220729C00170000,META/LK9QqB.O
META,META220729C00172500,META/LK90rB.O
META,META220729C00175000,META/LK9YtB.O
META,META220729C00177500,META/LK98uB.O
META,META220729C00180000,META/LK9gwB.O
META,META220729C00182500,META/LK9EyB.O
META,META220729C00185000,META/LK9ozB.O
META,META220729C00187500,META/LK9M1B.O
META,META220729C00190000,META/LK9w2B.O
META,META220729C00192500,META/LK9U4B.O
META,META220729C00195000,META/LK945B.O
META,META220729C00197500,META/LK9c7B.O
META,META220729C00200000,META/LK9A9B.O
META,META220729C00202500,META/LK9k^B.O
META,META220729C00205000,META/LK9IAC.O
META,META220729C00207500,META/LK9sBC.O
META,META220729C00210000,META/LK9QDC.O
META,META220729C00212500,META/LK90EC.O
META,META220729C00215000,META/LK9YGC.O
META,META220729C00220000,META/LK9gJC.O
META,META220729C00225000,META/LK9oMC.O
META,META220729C00230000,META/LK9wPC.O
META,META220729C00235000,META/LK94SC.O
META,META220729C00240000,META/LK9AWC.O
META,META220729C00245000,META/LK9IZC.O
META,META220729C00250000,META/LK9QcC.O
META,META220729P00050000,META/LW9Qf.O
META,META220729P00060000,META/LW9gl.O
META,META220729P00070000,META/LW9wr.O
META,META220729P00080000,META/LW9Ay.O
META,META220729P00085000,META/LW9I1.O
META,META220729P00090000,META/LW9Q4.O
META,META220729P00095000,META/LW9Y7.O
META,META220729P00100000,META/LW9g^.O
META,META220729P00105000,META/LW9oBB.O
META,META220729P00110000,META/LW9wEB.O
META,META220729P00115000,META/LW94HB.O
META,META220729P00117000,META/LW9IJB.O
META,META220729P00118000,META/LW9wJB.O
META,META220729P00120000,META/LW9ALB.O
META,META220729P00125000,META/LW9IOB.O
META,META220729P00127000,META/LW9YPB.O
META,META220729P00130000,META/LW9QRB.O
META,META220729P00133000,META/LW9ITB.O
META,META220729P00134000,META/LW9wTB.O
META,META220729P00135000,META/LW9YUB.O
META,META220729P00136000,META/LW9AVB.O
META,META220729P00137000,META/LW9oVB.O
META,META220729P00138000,META/LW9QWB.O
META,META220729P00139000,META/LW94WB.O
META,META220729P00140000,META/LW9gXB.O
META,META220729P00141000,META/LW9IYB.O
META,META220729P00142000,META/LW9wYB.O
META,META220729P00143000,META/LW9YZB.O
META,META220729P00144000,META/LW9AaB.O
META,META220729P00145000,META/LW9oaB.O
META,META220729P00146000,META/LW9QbB.O
META,META220729P00147000,META/LW94bB.O
META,META220729P00148000,META/LW9gcB.O
META,META220729P00149000,META/LW9IdB.O
META,META220729P00150000,META/LW9wdB.O
META,META220729P00152500,META/LW9UfB.O
META,META220729P00155000,META/LW94gB.O
META,META220729P00157500,META/LW9ciB.O
META,META220729P00160000,META/LW9AkB.O
META,META220729P00162500,META/LW9klB.O
META,META220729P00165000,META/LW9InB.O
META,META220729P00167500,META/LW9soB.O
META,META220729P00170000,META/LW9QqB.O
META,META220729P00172500,META/LW90rB.O
META,META220729P00175000,META/LW9YtB.O
META,META220729P00177500,META/LW98uB.O
META,META220729P00180000,META/LW9gwB.O
META,META220729P00182500,META/LW9EyB.O
META,META220729P00185000,META/LW9ozB.O
META,META220729P00187500,META/LW9M1B.O
META,META220729P00190000,META/LW9w2B.O
META,META220729P00192500,META/LW9U4B.O
META,META220729P00195000,META/LW945B.O
META,META220729P00200000,META/LW9A9B.O
META,META220729P00202500,META/LW9k^B.O
META,META220729P00205000,META/LW9IAC.O
META,META220729P00207500,META/LW9sBC.O
META,META220729P00210000,META/LW9QDC.O
META,META220729P00215000,META/LW9YGC.O
META,META220729P00220000,META/LW9gJC.O
META,META220729P00225000,META/LW9oMC.O
META,META220729P00230000,META/LW9wPC.O
META,META220729P00240000,META/LW9AWC.O
META,META220729P00250000,META/LW9QcC.O
META,META220805C00080000,META/LLlAy.O
META,META220805C00095000,META/LLlY7.O
META,META220805C00100000,META/LLlg^.O
META,META220805C00110000,META/LLlwEB.O
META,META220805C00115000,META/LLl4HB.O
META,META220805C00120000,META/LLlALB.O
META,META220805C00125000,META/LLlIOB.O
META,META220805C00130000,META/LLlQRB.O
META,META220805C00135000,META/LLlYUB.O
META,META220805C00140000,META/LLlgXB.O
META,META220805C00145000,META/LLloaB.O
META,META220805C00150000,META/LLlwdB.O
META,META220805C00155000,META/LLl4gB.O
META,META220805C00160000,META/LLlAkB.O
META,META220805C00162500,META/LLlklB.O
META,META220805C00165000,META/LLlInB.O
META,META220805C00167500,META/LLlsoB.O
META,META220805C00170000,META/LLlQqB.O
META,META220805C00172500,META/LLl0rB.O
META,META220805C00175000,META/LLlYtB.O
META,META220805C00177500,META/LLl8uB.O
META,META220805C00180000,META/LLlgwB.O
META,META220805C00182500,META/LLlEyB.O
META,META220805C00185000,META/LLlozB.O
META,META220805C00187500,META/LLlM1B.O
META,META220805C00190000,META/LLlw2B.O
META,META220805C00195000,META/LLl45B.O
META,META220805C00200000,META/LLlA9B.O
META,META220805C00205000,META/LLlIAC.O
META,META220805C00210000,META/LLlQDC.O
META,META220805C00215000,META/LLlYGC.O
META,META220805C00220000,META/LLlgJC.O
META,META220805C00225000,META/LLloMC.O
META,META220805C00230000,META/LLlwPC.O
META,META220805C00235000,META/LLl4SC.O
META,META220805C00240000,META/LLlAWC.O
META,META220805C00245000,META/LLlIZC.O
META,META220805C00250000,META/LLlQcC.O
META,META220805P00050000,META/LXlQf.O
META,META220805P00060000,META/LXlgl.O
META,META220805P00070000,META/LXlwr.O
META,META220805P00080000,META/LXlAy.O
META,META220805P00085000,META/LXlI1.O
META,META220805P00090000,META/LXlQ4.O
META,META220805P00095000,META/LXlY7.O
META,META220805P00100000,META/LXlg^.O
META,META220805P00105000,META/LXloBB.O
META,META220805P00110000,META/LXlwEB.O
META,META220805P00115000,META/LXl4HB.O
META,META220805P00120000,META/LXlALB.O
META,META220805P00125000,META/LXlIOB.O
META,META220805P00130000,META/LXlQRB.O
META,META220805P00135000,META/LXlYUB.O
META,META220805P00140000,META/LXlgXB.O
META,META220805P00145000,META/LXloaB.O
META,META220805P00150000,META/LXlwdB.O
META,META220805P00152500,META/LXlUfB.O
META,META220805P00155000,META/LXl4gB.O
META,META220805P00157500,META/LXlciB.O
META,META220805P00160000,META/LXlAkB.O
META,META220805P00162500,META/LXlklB.O
META,META220805P00165000,META/LXlInB.O
META,META220805P00167500,META/LXlsoB.O
META,META220805P00170000,META/LXlQqB.O
META,META220805P00175000,META/LXlYtB.O
META,META220805P00177500,META/LXl8uB.O
META,META220805P00180000,META/LXlgwB.O
META,META220805P00182500,META/LXlEyB.O
META,META220805P00185000,META/LXlozB.O
META,META220805P00187500,META/LXlM1B.O
META,META220805P00190000,META/LXlw2B.O
META,META220805P00195000,META/LXl45B.O
META,META220805P00200000,META/LXlA9B.O
META,META220805P00205000,META/LXlIAC.O
META,META220805P00210000,META/LXlQDC.O
META,META220805P00215000,META/LXlYGC.O
META,META220805P00225000,META/LXloMC.O
META,META220805P00230000,META/LXlwPC.O
META,META220812C00100000,META/LLsg^.O
META,META220812C00130000,META/LLsQRB.O
META,META220812C00135000,META/LLsYUB.O
META,META220812C00140000,META/LLsgXB.O
META,META220812C00145000,META/LLsoaB.O
META,META220812C00150000,META/LLswdB.O
META,META220812C00155000,META/LLs4gB.O
META,META220812C00160000,META/LLsAkB.O
META,META220812C00165000,META/LLsInB.O
META,META220812C00170000,META/LLsQqB.O
META,META220812C00175000,META/LLsYtB.O
META,META220812C00180000,META/LLsgwB.O
META,META220812C00185000,META/LLsozB.O
META,META220812C00190000,META/LLsw2B.O
META,META220812C00195000,META/LLs45B.O
META,META220812C00200000,META/LLsA9B.O
META,META220812C00205000,META/LLsIAC.O
META,META220812C00210000,META/LLsQDC.O
META,META220812C00215000,META/LLsYGC.O
META,META220812C00220000,META/LLsgJC.O
META,META220812C00225000,META/LLsoMC.O
META,META220812C00230000,META/LLswPC.O
META,META220812C00235000,META/LLs4SC.O
META,META220812C00240000,META/LLsAWC.O
META,META220812C00245000,META/LLsIZC.O
META,META220812C00250000,META/LLsQcC.O
META,META220812P00080000,META/LXsAy.O
META,META220812P00085000,META/LXsI1.O
META,META220812P00090000,META/LXsQ4.O
META,META220812P00095000,META/LXsY7.O
META,META220812P00100000,META/LXsg^.O
META,META220812P00105000,META/LXsoBB.O
META,META220812P00110000,META/LXswEB.O
META,META220812P00115000,META/LXs4HB.O
META,META220812P00120000,META/LXsALB.O
META,META220812P00125000,META/LXsIOB.O
META,META220812P00130000,META/LXsQRB.O
META,META220812P00135000,META/LXsYUB.O
META,META220812P00140000,META/LXsgXB.O
META,META220812P00145000,META/LXsoaB.O
META,META220812P00150000,META/LXswdB.O
META,META220812P00155000,META/LXs4gB.O
META,META220812P00160000,META/LXsAkB.O
META,META220812P00165000,META/LXsInB.O
META,META220812P00170000,META/LXsQqB.O
META,META220812P00175000,META/LXsYtB.O
META,META220812P00180000,META/LXsgwB.O
META,META220812P00185000,META/LXsozB.O
META,META220812P00190000,META/LXsw2B.O
META,META220812P00195000,META/LXs45B.O
META,META220812P00200000,META/LXsA9B.O
META,META220812P00205000,META/LXsIAC.O
META,META220812P00210000,META/LXsQDC.O
META,META220812P00220000,META/LXsgJC.O
META,META220812P00225000,META/LXsoMC.O
META,META220812P00230000,META/LXswPC.O
META,META220819C00050000,META/LLzQf.O
META,META220819C00070000,META/LLzwr.O
META,META220819C00085000,META/LLzI1.O
META,META220819C00090000,META/LLzQ4.O
META,META220819C00095000,META/LLzY7.O
META,META220819C00100000,META/LLzg^.O
META,META220819C00105000,META/LLzoBB.O
META,META220819C00110000,META/LLzwEB.O
META,META220819C00115000,META/LLz4HB.O
META,META220819C00120000,META/LLzALB.O
META,META220819C00125000,META/LLzIOB.O
META,META220819C00130000,META/LLzQRB.O
META,META220819C00135000,META/LLzYUB.O
META,META220819C00140000,META/LLzgXB.O
META,META220819C00145000,META/LLzoaB.O
META,META220819C00150000,META/LLzwdB.O
META,META220819C00155000,META/LLz4gB.O
META,META220819C00160000,META/LLzAkB.O
META,META220819C00162500,META/LLzklB.O
META,META220819C00165000,META/LLzInB.O
META,META220819C00167500,META/LLzsoB.O
META,META220819C00170000,META/LLzQqB.O
META,META220819C00172500,META/LLz0rB.O
META,META220819C00175000,META/LLzYtB.O
META,META220819C00177500,META/LLz8uB.O
META,META220819C00180000,META/LLzgwB.O
META,META220819C00182500,META/LLzEyB.O
META,META220819C00185000,META/LLzozB.O
META,META220819C00187500,META/LLzM1B.O
META,META220819C00190000,META/LLzw2B.O
META,META220819C00195000,META/LLz45B.O
META,META220819C00200000,META/LLzA9B.O
META,META220819C00205000,META/LLzIAC.O
META,META220819C00210000,META/LLzQDC.O
META,META220819C00215000,META/LLzYGC.O
META,META220819C00220000,META/LLzgJC.O
META,META220819C00225000,META/LLzoMC.O
META,META220819C00230000,META/LLzwPC.O
META,META220819C00235000,META/LLz4SC.O
META,META220819C00240000,META/LLzAWC.O
META,META220819C00245000,META/LLzIZC.O
META,META220819C00250000,META/LLzQcC.O
META,META220819C00255000,META/LLzYfC.O
META,META220819C00260000,META/LLzgiC.O
META,META220819C00265000,META/LLzolC.O
META,META220819C00270000,META/LLzwoC.O
META,META220819C00275000,META/LLz4rC.O
META,META220819C00280000,META/LLzAvC.O
META,META220819C00285000,META/LLzIyC.O
META,META220819C00290000,META/LLzQ1C.O
META,META220819C00295000,META/LLzY4C.O
META,META220819C00300000,META/LLzg7C.O
META,META220819C00305000,META/LLzo^C.O
META,META220819C00310000,META/LLzwBD.O
META,META220819C00315000,META/LLz4ED.O
META,META220819C00320000,META/LLzAID.O
META,META220819C00325000,META/LLzILD.O
META,META220819C00330000,META/LLzQOD.O
META,META220819C00335000,META/LLzYRD.O
META,META220819C00340000,META/LLzgUD.O
META,META220819C00345000,META/LLzoXD.O
META,META220819C00350000,META/LLzwaD.O
META,META220819C00355000,META/LLz4dD.O
META,META220819C00360000,META/LLzAhD.O
META,META220819C00365000,META/LLzIkD.O
META,META220819C00370000,META/LLzQnD.O
META,META220819C00375000,META/LLzYqD.O
META,META220819C00380000,META/LLzgtD.O
META,META220819C00385000,META/LLzowD.O
META,META220819C00390000,META/LLzwzD.O
META,META220819C00395000,META/LLz42D.O
META,META220819C00400000,META/LLzA6D.O
META,META220819C00405000,META/LLzI9D.O
META,META220819C00410000,META/LLzQAE.O
META,META220819C00415000,META/LLzYDE.O
META,META220819C00420000,META/LLzgGE.O
META,META220819C00425000,META/LLzoJE.O
META,META220819C00430000,META/LLzwME.O
META,META220819C00435000,META/LLz4PE.O
META,META220819C00440000,META/LLzATE.O
META,META220819C00445000,META/LLzIWE.O
META,META220819C00450000,META/LLzQZE.O
META,META220819P00050000,META/LXzQf.O
META,META220819P00060000,META/LXzgl.O
META,META220819P00070000,META/LXzwr.O
META,META220819P00080000,META/LXzAy.O
META,META220819P00085000,META/LXzI1.O
META,META220819P00090000,META/LXzQ4.O
META,META220819P00095000,META/LXzY7.O
META,META220819P00100000,META/LXzg^.O
META,META220819P00105000,META/LXzoBB.O
META,META220819P00110000,META/LXzwEB.O
META,META220819P00115000,META/LXz4HB.O
META,META220819P00120000,META/LXzALB.O
META,META220819P00125000,META/LXzIOB.O
META,META220819P00130000,META/LXzQRB.O
META,META220819P00135000,META/LXzYUB.O
META,META220819P00140000,META/LXzgXB.O
META,META220819P00145000,META/LXzoaB.O
META,META220819P00150000,META/LXzwdB.O
META,META220819P00152500,META/LXzUfB.O
META,META220819P00155000,META/LXz4gB.O
META,META220819P00157500,META/LXzciB.O
META,META220819P00160000,META/LXzAkB.O
META,META220819P00162500,META/LXzklB.O
META,META220819P00165000,META/LXzInB.O
META,META220819P00167500,META/LXzsoB.O
META,META220819P00170000,META/LXzQqB.O
META,META220819P00172500,META/LXz0rB.O
META,META220819P00175000,META/LXzYtB.O
META,META220819P00177500,META/LXz8uB.O
META,META220819P00180000,META/LXzgwB.O
META,META220819P00185000,META/LXzozB.O
META,META220819P00190000,META/LXzw2B.O
META,META220819P00195000,META/LXz45B.O
META,META220819P00200000,META/LXzA9B.O
META,META220819P00205000,META/LXzIAC.O
META,META220819P00210000,META/LXzQDC.O
META,META220819P00215000,META/LXzYGC.O
META,META220819P00220000,META/LXzgJC.O
META,META220819P00225000,META/LXzoMC.O
META,META220819P00230000,META/LXzwPC.O
META,META220819P00235000,META/LXz4SC.O
META,META220819P00240000,META/LXzAWC.O
META,META220819P00245000,META/LXzIZC.O
META,META220819P00250000,META/LXzQcC.O
META,META220819P00255000,META/LXzYfC.O
META,META220819P00260000,META/LXzgiC.O
META,META220819P00265000,META/LXzolC.O
META,META220819P00270000,META/LXzwoC.O
META,META220819P00275000,META/LXz4rC.O
META,META220819P00280000,META/LXzAvC.O
META,META220819P00285000,META/LXzIyC.O
META,META220819P00290000,META/LXzQ1C.O
META,META220819P00295000,META/LXzY4C.O
META,META220819P00300000,META/LXzg7C.O
META,META220819P00305000,META/LXzo^C.O
META,META220819P00310000,META/LXzwBD.O
META,META220819P00315000,META/LXz4ED.O
META,META220819P00320000,META/LXzAID.O
META,META220819P00325000,META/LXzILD.O
META,META220819P00330000,META/LXzQOD.O
META,META220819P00335000,META/LXzYRD.O
META,META220819P00340000,META/LXzgUD.O
META,META220819P00345000,META/LXzoXD.O
META,META220819P00350000,META/LXzwaD.O
META,META220819P00355000,META/LXz4dD.O
META,META220819P00360000,META/LXzAhD.O
META,META220819P00365000,META/LXzIkD.O
META,META220819P00375000,META/LXzYqD.O
META,META220819P00380000,META/LXzgtD.O
META,META220819P00385000,META/LXzowD.O
META,META220819P00390000,META/LXzwzD.O
META,META220819P00395000,META/LXz42D.O
META,META220819P00400000,META/LXzA6D.O
META,META220819P00405000,META/LXzI9D.O
META,META220819P00410000,META/LXzQAE.O
META,META220819P00415000,META/LXzYDE.O
META,META220819P00420000,META/LXzgGE.O
META,META220819P00435000,META/LXz4PE.O
META,META220819P00440000,META/LXzATE.O
META,META220819P00445000,META/LXzIWE.O
META,META220819P00450000,META/LXzQZE.O
META,META220826C00120000,META/LL6ALB.O
META,META220826C00125000,META/LL6IOB.O
META,META220826C00130000,META/LL6QRB.O
META,META220826C00140000,META/LL6gXB.O
META,META220826C00145000,META/LL6oaB.O
META,META220826C00150000,META/LL6wdB.O
META,META220826C00155000,META/LL64gB.O
META,META220826C00160000,META/LL6AkB.O
META,META220826C00165000,META/LL6InB.O
META,META220826C00170000,META/LL6QqB.O
META,META220826C00175000,META/LL6YtB.O
META,META220826C00180000,META/LL6gwB.O
META,META220826C00185000,META/LL6ozB.O
META,META220826C00190000,META/LL6w2B.O
META,META220826C00195000,META/LL645B.O
META,META220826C00200000,META/LL6A9B.O
META,META220826C00205000,META/LL6IAC.O
META,META220826C00210000,META/LL6QDC.O
META,META220826C00215000,META/LL6YGC.O
META,META220826C00220000,META/LL6gJC.O
META,META220826C00225000,META/LL6oMC.O
META,META220826C00230000,META/LL6wPC.O
META,META220826C00235000,META/LL64SC.O
META,META220826C00240000,META/LL6AWC.O
META,META220826C00250000,META/LL6QcC.O
META,META220826P00080000,META/LX6Ay.O
META,META220826P00085000,META/LX6I1.O
META,META220826P00095000,META/LX6Y7.O
META,META220826P00100000,META/LX6g^.O
META,META220826P00105000,META/LX6oBB.O
META,META220826P00110000,META/LX6wEB.O
META,META220826P00115000,META/LX64HB.O
META,META220826P00120000,META/LX6ALB.O
META,META220826P00125000,META/LX6IOB.O
META,META220826P00130000,META/LX6QRB.O
META,META220826P00135000,META/LX6YUB.O
META,META220826P00140000,META/LX6gXB.O
META,META220826P00145000,META/LX6oaB.O
META,META220826P00150000,META/LX6wdB.O
META,META220826P00155000,META/LX64gB.O
META,META220826P00160000,META/LX6AkB.O
META,META220826P00165000,META/LX6InB.O
META,META220826P00170000,META/LX6QqB.O
META,META220826P00175000,META/LX6YtB.O
META,META220826P00180000,META/LX6gwB.O
META,META220826P00185000,META/LX6ozB.O
META,META220826P00190000,META/LX6w2B.O
META,META220826P00195000,META/LX645B.O
META,META220826P00200000,META/LX6A9B.O
META,META220826P00210000,META/LX6QDC.O
META,META220826P00240000,META/LX6AWC.O
META,META220826P00250000,META/LX6QcC.O
META,META220916C00050000,META/LMwQf.O
META,META220916C00080000,META/LMwAy.O
META,META220916C00085000,META/LMwI1.O
META,META220916C00090000,META/LMwQ4.O
META,META220916C00095000,META/LMwY7.O
META,META220916C00100000,META/LMwg^.O
META,META220916C00105000,META/LMwoBB.O
META,META220916C00110000,META/LMwwEB.O
META,META220916C00115000,META/LMw4HB.O
META,META220916C00120000,META/LMwALB.O
META,META220916C00125000,META/LMwIOB.O
META,META220916C00130000,META/LMwQRB.O
META,META220916C00135000,META/LMwYUB.O
META,META220916C00140000,META/LMwgXB.O
META,META220916C00145000,META/LMwoaB.O
META,META220916C00150000,META/LMwwdB.O
META,META220916C00155000,META/LMw4gB.O
META,META220916C00160000,META/LMwAkB.O
META,META220916C00165000,META/LMwInB.O
META,META220916C00170000,META/LMwQqB.O
META,META220916C00175000,META/LMwYtB.O
META,META220916C00180000,META/LMwgwB.O
META,META220916C00185000,META/LMwozB.O
META,META220916C00190000,META/LMww2B.O
META,META220916C00195000,META/LMw45B.O
META,META220916C00200000,META/LMwA9B.O
META,META220916C00205000,META/LMwIAC.O
META,META220916C00210000,META/LMwQDC.O
META,META220916C00215000,META/LMwYGC.O
META,META220916C00220000,META/LMwgJC.O
META,META220916C00225000,META/LMwoMC.O
META,META220916C00230000,META/LMwwPC.O
META,META220916C00235000,META/LMw4SC.O
META,META220916C00240000,META/LMwAWC.O
META,META220916C00245000,META/LMwIZC.O
META,META220916C00250000,META/LMwQcC.O
META,META220916C00255000,META/LMwYfC.O
META,META220916C00260000,META/LMwgiC.O
META,META220916C00265000,META/LMwolC.O
META,META220916C00270000,META/LMwwoC.O
META,META220916C00275000,META/LMw4rC.O
META,META220916C00280000,META/LMwAvC.O
META,META220916C00285000,META/LMwIyC.O
META,META220916C00290000,META/LMwQ1C.O
META,META220916C00295000,META/LMwY4C.O
META,META220916C00300000,META/LMwg7C.O
META,META220916C00305000,META/LMwo^C.O
META,META220916C00310000,META/LMwwBD.O
META,META220916C00315000,META/LMw4ED.O
META,META220916C00320000,META/LMwAID.O
META,META220916C00325000,META/LMwILD.O
META,META220916C00330000,META/LMwQOD.O
META,META220916C00335000,META/LMwYRD.O
META,META220916C00340000,META/LMwgUD.O
META,META220916C00345000,META/LMwoXD.O
META,META220916C00350000,META/LMwwaD.O
META,META220916C00355000,META/LMw4dD.O
META,META220916C00360000,META/LMwAhD.O
META,META220916C00365000,META/LMwIkD.O
META,META220916C00370000,META/LMwQnD.O
META,META220916C00375000,META/LMwYqD.O
META,META220916C00380000,META/LMwgtD.O
META,META220916C00385000,META/LMwowD.O
META,META220916C00390000,META/LMwwzD.O
META,META220916C00395000,META/LMw42D.O
META,META220916C00400000,META/LMwA6D.O
META,META220916C00405000,META/LMwI9D.O
META,META220916C00410000,META/LMwQAE.O
META,META220916C00415000,META/LMwYDE.O
META,META220916C00420000,META/LMwgGE.O
META,META220916C00425000,META/LMwoJE.O
META,META220916C00430000,META/LMwwME.O
META,META220916C00435000,META/LMw4PE.O
META,META220916C00440000,META/LMwATE.O
META,META220916C00445000,META/LMwIWE.O
META,META220916C00450000,META/LMwQZE.O
META,META220916C00460000,META/LMwgfE.O
META,META220916C00470000,META/LMwwlE.O
META,META220916C00480000,META/LMwAsE.O
META,META220916C00490000,META/LMwQyE.O
META,META220916C00500000,META/LMwg4E.O
META,META220916C00510000,META/LMww^E.O
META,META220916C00520000,META/LMwAFF.O
META,META220916C00530000,META/LMwQLF.O
META,META220916C00540000,META/LMwgRF.O
META,META220916C00550000,META/LMwwXF.O
META,META220916C00560000,META/LMwAeF.O
META,META220916C00570000,META/LMwQkF.O
META,META220916C00580000,META/LMwgqF.O
META,META220916C00590000,META/LMwwwF.O
META,META220916C00600000,META/LMwA3F.O
META,META220916C00650000,META/LMwQWG.O
META,META220916C00700000,META/LMwg1G.O
META,META220916P00050000,META/LYwQf.O
META,META220916P00060000,META/LYwgl.O
META,META220916P00070000,META/LYwwr.O
META,META220916P00080000,META/LYwAy.O
META,META220916P00085000,META/LYwI1.O
META,META220916P00090000,META/LYwQ4.O
META,META220916P00095000,META/LYwY7.O
META,META220916P00100000,META/LYwg^.O
META,META220916P00105000,META/LYwoBB.O
META,META220916P00110000,META/LYwwEB.O
META,META220916P00115000,META/LYw4HB.O
META,META220916P00120000,META/LYwALB.O
META,META220916P00125000,META/LYwIOB.O
META,META220916P00130000,META/LYwQRB.O
META,META220916P00135000,META/LYwYUB.O
META,META220916P00140000,META/LYwgXB.O
META,META220916P00145000,META/LYwoaB.O
META,META220916P00150000,META/LYwwdB.O
META,META220916P00155000,META/LYw4gB.O
META,META220916P00160000,META/LYwAkB.O
META,META220916P00165000,META/LYwInB.O
META,META220916P00170000,META/LYwQqB.O
META,META220916P00175000,META/LYwYtB.O
META,META220916P00180000,META/LYwgwB.O
META,META220916P00185000,META/LYwozB.O
META,META220916P00190000,META/LYww2B.O
META,META220916P00195000,META/LYw45B.O
META,META220916P00200000,META/LYwA9B.O
META,META220916P00205000,META/LYwIAC.O
META,META220916P00210000,META/LYwQDC.O
META,META220916P00215000,META/LYwYGC.O
META,META220916P00220000,META/LYwgJC.O
META,META220916P00225000,META/LYwoMC.O
META,META220916P00230000,META/LYwwPC.O
META,META220916P00235000,META/LYw4SC.O
META,META220916P00240000,META/LYwAWC.O
META,META220916P00245000,META/LYwIZC.O
META,META220916P00250000,META/LYwQcC.O
META,META220916P00255000,META/LYwYfC.O
META,META220916P00260000,META/LYwgiC.O
META,META220916P00265000,META/LYwolC.O
META,META220916P00270000,META/LYwwoC.O
META,META220916P00275000,META/LYw4rC.O
META,META220916P00280000,META/LYwAvC.O
META,META220916P00285000,META/LYwIyC.O
META,META220916P00290000,META/LYwQ1C.O
META,META220916P00295000,META/LYwY4C.O
META,META220916P00300000,META/LYwg7C.O
META,META220916P00305000,META/LYwo^C.O
META,META220916P00310000,META/LYwwBD.O
META,META220916P00315000,META/LYw4ED.O
META,META220916P00320000,META/LYwAID.O
META,META220916P00325000,META/LYwILD.O
META,META220916P00330000,META/LYwQOD.O
META,META220916P00335000,META/LYwYRD.O
META,META220916P00340000,META/LYwgUD.O
META,META220916P00345000,META/LYwoXD.O
META,META220916P00350000,META/LYwwaD.O
META,META220916P00355000,META/LYw4dD.O
META,META220916P00360000,META/LYwAhD.O
META,META220916P00365000,META/LYwIkD.O
META,META220916P00370000,META/LYwQnD.O
META,META220916P00375000,META/LYwYqD.O
META,META220916P00380000,META/LYwgtD.O
META,META220916P00385000,META/LYwowD.O
META,META220916P00390000,META/LYwwzD.O
META,META220916P00395000,META/LYw42D.O
META,META220916P00400000,META/LYwA6D.O
META,META220916P00405000,META/LYwI9D.O
META,META220916P00410000,META/LYwQAE.O
META,META220916P00415000,META/LYwYDE.O
META,META220916P00420000,META/LYwgGE.O
META,META220916P00425000,META/LYwoJE.O
META,META220916P00430000,META/LYwwME.O
META,META220916P00435000,META/LYw4PE.O
META,META220916P00440000,META/LYwATE.O
META,META220916P00445000,META/LYwIWE.O
META,META220916P00450000,META/LYwQZE.O
META,META220916P00460000,META/LYwgfE.O
META,META220916P00470000,META/LYwwlE.O
META,META220916P00480000,META/LYwAsE.O
META,META220916P00490000,META/LYwQyE.O
META,META220916P00500000,META/LYwg4E.O
META,META220916P00510000,META/LYww^E.O
META,META220916P00520000,META/LYwAFF.O
META,META220916P00530000,META/LYwQLF.O
META,META220916P00540000,META/LYwgRF.O
META,META220916P00550000,META/LYwwXF.O
META,META220916P00560000,META/LYwAeF.O
META,META220916P00570000,META/LYwQkF.O
META,META220916P00580000,META/LYwgqF.O
META,META220916P00590000,META/LYwwwF.O
META,META220916P00600000,META/LYwA3F.O
META,META220916P00650000,META/LYwQWG.O
META,META220916P00700000,META/LYwg1G.O
META,META221021C00050000,META/LN1Qf.O
META,META221021C00085000,META/LN1I1.O
META,META221021C00090000,META/LN1Q4.O
META,META221021C00095000,META/LN1Y7.O
META,META221021C00100000,META/LN1g^.O
META,META221021C00105000,META/LN1oBB.O
META,META221021C00110000,META/LN1wEB.O
META,META221021C00115000,META/LN14HB.O
META,META221021C00120000,META/LN1ALB.O
META,META221021C00125000,META/LN1IOB.O
META,META221021C00130000,META/LN1QRB.O
META,META221021C00135000,META/LN1YUB.O
META,META221021C00140000,META/LN1gXB.O
META,META221021C00145000,META/LN1oaB.O
META,META221021C00150000,META/LN1wdB.O
META,META221021C00155000,META/LN14gB.O
META,META221021C00160000,META/LN1AkB.O
META,META221021C00165000,META/LN1InB.O
META,META221021C00170000,META/LN1QqB.O
META,META221021C00175000,META/LN1YtB.O
META,META221021C00180000,META/LN1gwB.O
META,META221021C00185000,META/LN1ozB.O
META,META221021C00190000,META/LN1w2B.O
META,META221021C00195000,META/LN145B.O
META,META221021C00200000,META/LN1A9B.O
META,META221021C00205000,META/LN1IAC.O
META,META221021C00210000,META/LN1QDC.O
META,META221021C00215000,META/LN1YGC.O
META,META221021C00220000,META/LN1gJC.O
META,META221021C00225000,META/LN1oMC.O
META,META221021C00230000,META/LN1wPC.O
META,META221021C00235000,META/LN14SC.O
META,META221021C00240000,META/LN1AWC.O
META,META221021C00245000,META/LN1IZC.O
META,META221021C00250000,META/LN1QcC.O
META,META221021C00255000,META/LN1YfC.O
META,META221021C00260000,META/LN1giC.O
META,META221021C00265000,META/LN1olC.O
META,META221021C00270000,META/LN1woC.O
META,META221021C00275000,META/LN14rC.O
META,META221021C00280000,META/LN1AvC.O
META,META221021C00285000,META/LN1IyC.O
META,META221021C00290000,META/LN1Q1C.O
META,META221021C00295000,META/LN1Y4C.O
META,META221021C00300000,META/LN1g7C.O
META,META221021C00305000,META/LN1o^C.O
META,META221021C00310000,META/LN1wBD.O
META,META221021C00315000,META/LN14ED.O
META,META221021C00320000,META/LN1AID.O
META,META221021C00330000,META/LN1QOD.O
META,META221021C00340000,META/LN1gUD.O
META,META221021C00350000,META/LN1waD.O
META,META221021C00360000,META/LN1AhD.O
META,META221021C00370000,META/LN1QnD.O
META,META221021C00380000,META/LN1gtD.O
META,META221021C00390000,META/LN1wzD.O
META,META221021C00400000,META/LN1A6D.O
META,META221021C00410000,META/LN1QAE.O
META,META221021C00420000,META/LN1gGE.O
META,META221021C00430000,META/LN1wME.O
META,META221021C00440000,META/LN1ATE.O
META,META221021C00450000,META/LN1QZE.O
META,META221021P00050000,META/LZ1Qf.O
META,META221021P00060000,META/LZ1gl.O
META,META221021P00070000,META/LZ1wr.O
META,META221021P00080000,META/LZ1Ay.O
META,META221021P00085000,META/LZ1I1.O
META,META221021P00090000,META/LZ1Q4.O
META,META221021P00095000,META/LZ1Y7.O
META,META221021P00100000,META/LZ1g^.O
META,META221021P00105000,META/LZ1oBB.O
META,META221021P00110000,META/LZ1wEB.O
META,META221021P00115000,META/LZ14HB.O
META,META221021P00120000,META/LZ1ALB.O
META,META221021P00125000,META/LZ1IOB.O
META,META221021P00130000,META/LZ1QRB.O
META,META221021P00135000,META/LZ1YUB.O
META,META221021P00140000,META/LZ1gXB.O
META,META221021P00145000,META/LZ1oaB.O
META,META221021P00150000,META/LZ1wdB.O
META,META221021P00155000,META/LZ14gB.O
META,META221021P00160000,META/LZ1AkB.O
META,META221021P00165000,META/LZ1InB.O
META,META221021P00170000,META/LZ1QqB.O
META,META221021P00175000,META/LZ1YtB.O
META,META221021P00180000,META/LZ1gwB.O
META,META221021P00185000,META/LZ1ozB.O
META,META221021P00190000,META/LZ1w2B.O
META,META221021P00195000,META/LZ145B.O
META,META221021P00200000,META/LZ1A9B.O
META,META221021P00205000,META/LZ1IAC.O
META,META221021P00210000,META/LZ1QDC.O
META,META221021P00215000,META/LZ1YGC.O
META,META221021P00220000,META/LZ1gJC.O
META,META221021P00225000,META/LZ1oMC.O
META,META221021P00230000,META/LZ1wPC.O
META,META221021P00235000,META/LZ14SC.O
META,META221021P00240000,META/LZ1AWC.O
META,META221021P00245000,META/LZ1IZC.O
META,META221021P00250000,META/LZ1QcC.O
META,META221021P00255000,META/LZ1YfC.O
META,META221021P00260000,META/LZ1giC.O
META,META221021P00265000,META/LZ1olC.O
META,META221021P00270000,META/LZ1woC.O
META,META221021P00275000,META/LZ14rC.O
META,META221021P00280000,META/LZ1AvC.O
META,META221021P00285000,META/LZ1IyC.O
META,META221021P00290000,META/LZ1Q1C.O
META,META221021P00295000,META/LZ1Y4C.O
META,META221021P00300000,META/LZ1g7C.O
META,META221021P00305000,META/LZ1o^C.O
META,META221021P00310000,META/LZ1wBD.O
META,META221021P00315000,META/LZ14ED.O
META,META221021P00320000,META/LZ1AID.O
META,META221021P00330000,META/LZ1QOD.O
META,META221021P00340000,META/LZ1gUD.O
META,META221021P00350000,META/LZ1waD.O
META,META221021P00360000,META/LZ1AhD.O
META,META221021P00380000,META/LZ1gtD.O
META,META221021P00390000,META/LZ1wzD.O
META,META221021P00420000,META/LZ1gGE.O
META,META221021P00430000,META/LZ1wME.O
META,META221021P00440000,META/LZ1ATE.O
META,META221021P00450000,META/LZ1QZE.O
META,META221118C00060000,META/LOygl.O
META,META221118C00090000,META/LOyQ4.O
META,META221118C00095000,META/LOyY7.O
META,META221118C00100000,META/LOyg^.O
META,META221118C00105000,META/LOyoBB.O
META,META221118C00110000,META/LOywEB.O
META,META221118C00115000,META/LOy4HB.O
META,META221118C00120000,META/LOyALB.O
META,META221118C00125000,META/LOyIOB.O
META,META221118C00130000,META/LOyQRB.O
META,META221118C00135000,META/LOyYUB.O
META,META221118C00140000,META/LOygXB.O
META,META221118C00145000,META/LOyoaB.O
META,META221118C00150000,META/LOywdB.O
META,META221118C00155000,META/LOy4gB.O
META,META221118C00160000,META/LOyAkB.O
META,META221118C00165000,META/LOyInB.O
META,META221118C00170000,META/LOyQqB.O
META,META221118C00175000,META/LOyYtB.O
META,META221118C00180000,META/LOygwB.O
META,META221118C00185000,META/LOyozB.O
META,META221118C00190000,META/LOyw2B.O
META,META221118C00195000,META/LOy45B.O
META,META221118C00200000,META/LOyA9B.O
META,META221118C00205000,META/LOyIAC.O
META,META221118C00210000,META/LOyQDC.O
META,META221118C00215000,META/LOyYGC.O
META,META221118C00220000,META/LOygJC.O
META,META221118C00225000,META/LOyoMC.O
META,META221118C00230000,META/LOywPC.O
META,META221118C00235000,META/LOy4SC.O
META,META221118C00240000,META/LOyAWC.O
META,META221118C00245000,META/LOyIZC.O
META,META221118C00250000,META/LOyQcC.O
META,META221118C00255000,META/LOyYfC.O
META,META221118C00260000,META/LOygiC.O
META,META221118C00265000,META/LOyolC.O
META,META221118C00270000,META/LOywoC.O
META,META221118C00275000,META/LOy4rC.O
META,META221118C00280000,META/LOyAvC.O
META,META221118C00285000,META/LOyIyC.O
META,META221118C00290000,META/LOyQ1C.O
META,META221118C00295000,META/LOyY4C.O
META,META221118C00300000,META/LOyg7C.O
META,META221118C00305000,META/LOyo^C.O
META,META221118C00310000,META/LOywBD.O
META,META221118C00315000,META/LOy4ED.O
META,META221118C00320000,META/LOyAID.O
META,META221118C00325000,META/LOyILD.O
META,META221118C00330000,META/LOyQOD.O
META,META221118C00335000,META/LOyYRD.O
META,META221118C00340000,META/LOygUD.O
META,META221118C00345000,META/LOyoXD.O
META,META221118C00350000,META/LOywaD.O
META,META221118C00355000,META/LOy4dD.O
META,META221118C00360000,META/LOyAhD.O
META,META221118C00365000,META/LOyIkD.O
META,META221118C00370000,META/LOyQnD.O
META,META221118C00375000,META/LOyYqD.O
META,META221118C00380000,META/LOygtD.O
META,META221118C00385000,META/LOyowD.O
META,META221118C00390000,META/LOywzD.O
META,META221118C00395000,META/LOy42D.O
META,META221118C00400000,META/LOyA6D.O
META,META221118C00405000,META/LOyI9D.O
META,META221118C00410000,META/LOyQAE.O
META,META221118C00415000,META/LOyYDE.O
META,META221118C00420000,META/LOygGE.O
META,META221118C00425000,META/LOyoJE.O
META,META221118C00430000,META/LOywME.O
META,META221118C00435000,META/LOy4PE.O
META,META221118C00440000,META/LOyATE.O
META,META221118C00445000,META/LOyIWE.O
META,META221118C00450000,META/LOyQZE.O
META,META221118P00050000,META/LayQf.O
META,META221118P00060000,META/Laygl.O
META,META221118P00070000,META/Laywr.O
META,META221118P00080000,META/LayAy.O
META,META221118P00085000,META/LayI1.O
META,META221118P00090000,META/LayQ4.O
META,META221118P00095000,META/LayY7.O
META,META221118P00100000,META/Layg^.O
META,META221118P00105000,META/LayoBB.O
META,META221118P00110000,META/LaywEB.O
META,META221118P00115000,META/Lay4HB.O
META,META221118P00120000,META/LayALB.O
META,META221118P00125000,META/LayIOB.O
META,META221118P00130000,META/LayQRB.O
META,META221118P00135000,META/LayYUB.O
META,META221118P00140000,META/LaygXB.O
META,META221118P00145000,META/LayoaB.O
META,META221118P00150000,META/LaywdB.O
META,META221118P00155000,META/Lay4gB.O
META,META221118P00160000,META/LayAkB.O
META,META221118P00165000,META/LayInB.O
META,META221118P00170000,META/LayQqB.O
META,META221118P00175000,META/LayYtB.O
META,META221118P00180000,META/LaygwB.O
META,META221118P00185000,META/LayozB.O
META,META221118P00190000,META/Layw2B.O
META,META221118P00195000,META/Lay45B.O
META,META221118P00200000,META/LayA9B.O
META,META221118P00205000,META/LayIAC.O
META,META221118P00210000,META/LayQDC.O
META,META221118P00215000,META/LayYGC.O
META,META221118P00220000,META/LaygJC.O
META,META221118P00225000,META/LayoMC.O
META,META221118P00230000,META/LaywPC.O
META,META221118P00235000,META/Lay4SC.O
META,META221118P00240000,META/LayAWC.O
META,META221118P00245000,META/LayIZC.O
META,META221118P00250000,META/LayQcC.O
META,META221118P00255000,META/LayYfC.O
META,META221118P00260000,META/LaygiC.O
META,META221118P00265000,META/LayolC.O
META,META221118P00270000,META/LaywoC.O
META,META221118P00275000,META/Lay4rC.O
META,META221118P00280000,META/LayAvC.O
META,META221118P00285000,META/LayIyC.O
META,META221118P00290000,META/LayQ1C.O
META,META221118P00295000,META/LayY4C.O
META,META221118P00300000,META/Layg7C.O
META,META221118P00305000,META/Layo^C.O
META,META221118P00310000,META/LaywBD.O
META,META221118P00315000,META/Lay4ED.O
META,META221118P00320000,META/LayAID.O
META,META221118P00325000,META/LayILD.O
META,META221118P00330000,META/LayQOD.O
META,META221118P00335000,META/LayYRD.O
META,META221118P00340000,META/LaygUD.O
META,META221118P00345000,META/LayoXD.O
META,META221118P00350000,META/LaywaD.O
META,META221118P00355000,META/Lay4dD.O
META,META221118P00360000,META/LayAhD.O
META,META221118P00365000,META/LayIkD.O
META,META221118P00370000,META/LayQnD.O
META,META221118P00375000,META/LayYqD.O
META,META221118P00380000,META/LaygtD.O
META,META221118P00385000,META/LayowD.O
META,META221118P00390000,META/LaywzD.O
META,META221118P00400000,META/LayA6D.O
META,META221118P00405000,META/LayI9D.O
META,META221118P00410000,META/LayQAE.O
META,META221118P00415000,META/LayYDE.O
META,META221118P00435000,META/Lay4PE.O
META,META221118P00445000,META/LayIWE.O
META,META221118P00450000,META/LayQZE.O
META,META221216C00050000,META/LPwQf.O
META,META221216C00060000,META/LPwgl.O
META,META221216C00070000,META/LPwwr.O
META,META221216C00085000,META/LPwI1.O
META,META221216C00090000,META/LPwQ4.O
META,META221216C00095000,META/LPwY7.O
META,META221216C00100000,META/LPwg^.O
META,META221216C00105000,META/LPwoBB.O
META,META221216C00110000,META/LPwwEB.O
META,META221216C00115000,META/LPw4HB.O
META,META221216C00120000,META/LPwALB.O
META,META221216C00125000,META/LPwIOB.O
META,META221216C00130000,META/LPwQRB.O
META,META221216C00135000,META/LPwYUB.O
META,META221216C00140000,META/LPwgXB.O
META,META221216C00145000,META/LPwoaB.O
META,META221216C00150000,META/LPwwdB.O
META,META221216C00155000,META/LPw4gB.O
META,META221216C00160000,META/LPwAkB.O
META,META221216C00165000,META/LPwInB.O
META,META221216C00170000,META/LPwQqB.O
META,META221216C00175000,META/LPwYtB.O
META,META221216C00180000,META/LPwgwB.O
META,META221216C00185000,META/LPwozB.O
META,META221216C00190000,META/LPww2B.O
META,META221216C00195000,META/LPw45B.O
META,META221216C00200000,META/LPwA9B.O
META,META221216C00205000,META/LPwIAC.O
META,META221216C00210000,META/LPwQDC.O
META,META221216C00215000,META/LPwYGC.O
META,META221216C00220000,META/LPwgJC.O
META,META221216C00225000,META/LPwoMC.O
META,META221216C00230000,META/LPwwPC.O
META,META221216C00235000,META/LPw4SC.O
META,META221216C00240000,META/LPwAWC.O
META,META221216C00245000,META/LPwIZC.O
META,META221216C00250000,META/LPwQcC.O
META,META221216C00255000,META/LPwYfC.O
META,META221216C00260000,META/LPwgiC.O
META,META221216C00265000,META/LPwolC.O
META,META221216C00270000,META/LPwwoC.O
META,META221216C00275000,META/LPw4rC.O
META,META221216C00280000,META/LPwAvC.O
META,META221216C00285000,META/LPwIyC.O
META,META221216C00290000,META/LPwQ1C.O
META,META221216C00295000,META/LPwY4C.O
META,META221216C00300000,META/LPwg7C.O
META,META221216C00305000,META/LPwo^C.O
META,META221216C00310000,META/LPwwBD.O
META,META221216C00315000,META/LPw4ED.O
META,META221216C00320000,META/LPwAID.O
META,META221216C00325000,META/LPwILD.O
META,META221216C00330000,META/LPwQOD.O
META,META221216C00335000,META/LPwYRD.O
META,META221216C00340000,META/LPwgUD.O
META,META221216C00345000,META/LPwoXD.O
META,META221216C00350000,META/LPwwaD.O
META,META221216C00355000,META/LPw4dD.O
META,META221216C00360000,META/LPwAhD.O
META,META221216C00365000,META/LPwIkD.O
META,META221216C00370000,META/LPwQnD.O
META,META221216C00375000,META/LPwYqD.O
META,META221216C00380000,META/LPwgtD.O
META,META221216C00385000,META/LPwowD.O
META,META221216C00390000,META/LPwwzD.O
META,META221216C00395000,META/LPw42D.O
META,META221216P00050000,META/LbwQf.O
META,META221216P00060000,META/Lbwgl.O
META,META221216P00070000,META/Lbwwr.O
META,META221216P00080000,META/LbwAy.O
META,META221216P00085000,META/LbwI1.O
META,META221216P00090000,META/LbwQ4.O
META,META221216P00095000,META/LbwY7.O
META,META221216P00100000,META/Lbwg^.O
META,META221216P00105000,META/LbwoBB.O
META,META221216P00110000,META/LbwwEB.O
META,META221216P00115000,META/Lbw4HB.O
META,META221216P00120000,META/LbwALB.O
META,META221216P00125000,META/LbwIOB.O
META,META221216P00130000,META/LbwQRB.O
META,META221216P00135000,META/LbwYUB.O
META,META221216P00140000,META/LbwgXB.O
META,META221216P00145000,META/LbwoaB.O
META,META221216P00150000,META/LbwwdB.O
META,META221216P00155000,META/Lbw4gB.O
META,META221216P00160000,META/LbwAkB.O
META,META221216P00165000,META/LbwInB.O
META,META221216P00170000,META/LbwQqB.O
META,META221216P00175000,META/LbwYtB.O
META,META221216P00180000,META/LbwgwB.O
META,META221216P00185000,META/LbwozB.O
META,META221216P00190000,META/Lbww2B.O
META,META221216P00195000,META/Lbw45B.O
META,META221216P00200000,META/LbwA9B.O
META,META221216P00205000,META/LbwIAC.O
META,META221216P00210000,META/LbwQDC.O
META,META221216P00215000,META/LbwYGC.O
META,META221216P00220000,META/LbwgJC.O
META,META221216P00225000,META/LbwoMC.O
META,META221216P00230000,META/LbwwPC.O
META,META221216P00235000,META/Lbw4SC.O
META,META221216P00240000,META/LbwAWC.O
META,META221216P00245000,META/LbwIZC.O
META,META221216P00250000,META/LbwQcC.O
META,META221216P00255000,META/LbwYfC.O
META,META221216P00260000,META/LbwgiC.O
META,META221216P00265000,META/LbwolC.O
META,META221216P00270000,META/LbwwoC.O
META,META221216P00275000,META/Lbw4rC.O
META,META221216P00280000,META/LbwAvC.O
META,META221216P00285000,META/LbwIyC.O
META,META221216P00290000,META/LbwQ1C.O
META,META221216P00295000,META/LbwY4C.O
META,META221216P00300000,META/Lbwg7C.O
META,META221216P00305000,META/Lbwo^C.O
META,META221216P00310000,META/LbwwBD.O
META,META221216P00315000,META/Lbw4ED.O
META,META221216P00320000,META/LbwAID.O
META,META221216P00325000,META/LbwILD.O
META,META221216P00330000,META/LbwQOD.O
META,META221216P00340000,META/LbwgUD.O
META,META221216P00345000,META/LbwoXD.O
META,META221216P00350000,META/LbwwaD.O
META,META221216P00360000,META/LbwAhD.O
META,META221216P00395000,META/Lbw42D.O
META,META230120C00005000,META/Lk0ID.O
META,META230120C00010000,META/Lk0QG.O
META,META230120C00030000,META/Lk0wS.O
META,META230120C00050000,META/Lk0Qf.O
META,META230120C00060000,META/Lk0gl.O
META,META230120C00065000,META/Lk0oo.O
META,META230120C00070000,META/Lk0wr.O
META,META230120C00075000,META/Lk04u.O
META,META230120C00080000,META/Lk0Ay.O
META,META230120C00085000,META/Lk0I1.O
META,META230120C00090000,META/Lk0Q4.O
META,META230120C00095000,META/Lk0Y7.O
META,META230120C00100000,META/Lk0g^.O
META,META230120C00105000,META/Lk0oBB.O
META,META230120C00110000,META/Lk0wEB.O
META,META230120C00115000,META/Lk04HB.O
META,META230120C00120000,META/Lk0ALB.O
META,META230120C00125000,META/Lk0IOB.O
META,META230120C00130000,META/Lk0QRB.O
META,META230120C00135000,META/Lk0YUB.O
META,META230120C00140000,META/Lk0gXB.O
META,META230120C00145000,META/Lk0oaB.O
META,META230120C00150000,META/Lk0wdB.O
META,META230120C00155000,META/Lk04gB.O
META,META230120C00160000,META/Lk0AkB.O
META,META230120C00165000,META/Lk0InB.O
META,META230120C00170000,META/Lk0QqB.O
META,META230120C00175000,META/Lk0YtB.O
META,META230120C00180000,META/Lk0gwB.O
META,META230120C00185000,META/Lk0ozB.O
META,META230120C00190000,META/Lk0w2B.O
META,META230120C00195000,META/Lk045B.O
META,META230120C00200000,META/Lk0A9B.O
META,META230120C00210000,META/Lk0QDC.O
META,META230120C00220000,META/Lk0gJC.O
META,META230120C00230000,META/Lk0wPC.O
META,META230120C00235000,META/Lk04SC.O
META,META230120C00240000,META/Lk0AWC.O
META,META230120C00245000,META/Lk0IZC.O
META,META230120C00250000,META/Lk0QcC.O
META,META230120C00255000,META/Lk0YfC.O
META,META230120C00260000,META/Lk0giC.O
META,META230120C00265000,META/Lk0olC.O
META,META230120C00270000,META/Lk0woC.O
META,META230120C00275000,META/Lk04rC.O
META,META230120C00280000,META/Lk0AvC.O
META,META230120C00285000,META/Lk0IyC.O
META,META230120C00290000,META/Lk0Q1C.O
META,META230120C00295000,META/Lk0Y4C.O
META,META230120C00300000,META/Lk0g7C.O
META,META230120C00305000,META/Lk0o^C.O
META,META230120C00310000,META/Lk0wBD.O
META,META230120C00315000,META/Lk04ED.O
META,META230120C00320000,META/Lk0AID.O
META,META230120C00325000,META/Lk0ILD.O
META,META230120C00330000,META/Lk0QOD.O
META,META230120C00335000,META/Lk0YRD.O
META,META230120C00340000,META/Lk0gUD.O
META,META230120C00345000,META/Lk0oXD.O
META,META230120C00350000,META/Lk0waD.O
META,META230120C00355000,META/Lk04dD.O
META,META230120C00360000,META/Lk0AhD.O
META,META230120C00365000,META/Lk0IkD.O
META,META230120C00370000,META/Lk0QnD.O
META,META230120C00375000,META/Lk0YqD.O
META,META230120C00380000,META/Lk0gtD.O
META,META230120C00385000,META/Lk0owD.O
META,META230120C00390000,META/Lk0wzD.O
META,META230120C00395000,META/Lk042D.O
META,META230120C00400000,META/Lk0A6D.O
META,META230120C00405000,META/Lk0I9D.O
META,META230120C00410000,META/Lk0QAE.O
META,META230120C00415000,META/Lk0YDE.O
META,META230120C00420000,META/Lk0gGE.O
META,META230120C00425000,META/Lk0oJE.O
META,META230120C00430000,META/Lk0wME.O
META,META230120C00435000,META/Lk04PE.O
META,META230120C00440000,META/Lk0ATE.O
META,META230120C00445000,META/Lk0IWE.O
META,META230120C00450000,META/Lk0QZE.O
META,META230120C00460000,META/Lk0gfE.O
META,META230120C00470000,META/Lk0wlE.O
META,META230120C00480000,META/Lk0AsE.O
META,META230120C00490000,META/Lk0QyE.O
META,META230120C00500000,META/Lk0g4E.O
META,META230120C00510000,META/Lk0w^E.O
META,META230120C00520000,META/Lk0AFF.O
META,META230120C00530000,META/Lk0QLF.O
META,META230120C00540000,META/Lk0gRF.O
META,META230120C00550000,META/Lk0wXF.O
META,META230120C00560000,META/Lk0AeF.O
META,META230120C00570000,META/Lk0QkF.O
META,META230120C00580000,META/Lk0gqF.O
META,META230120C00590000,META/Lk0wwF.O
META,META230120C00600000,META/Lk0A3F.O
META,META230120C00650000,META/Lk0QWG.O
META,META230120C00700000,META/Lk0g1G.O
META,META230120P00005000,META/Lw0ID.O
META,META230120P00010000,META/Lw0QG.O
META,META230120P00015000,META/Lw0YJ.O
META,META230120P00020000,META/Lw0gM.O
META,META230120P00025000,META/Lw0oP.O
META,META230120P00030000,META/Lw0wS.O
META,META230120P00035000,META/Lw04V.O
META,META230120P00040000,META/Lw0AZ.O
META,META230120P00045000,META/Lw0Ic.O
META,META230120P00050000,META/Lw0Qf.O
META,META230120P00055000,META/Lw0Yi.O
META,META230120P00060000,META/Lw0gl.O
META,META230120P00065000,META/Lw0oo.O
META,META230120P00070000,META/Lw0wr.O
META,META230120P00075000,META/Lw04u.O
META,META230120P00080000,META/Lw0Ay.O
META,META230120P00085000,META/Lw0I1.O
META,META230120P00090000,META/Lw0Q4.O
META,META230120P00095000,META/Lw0Y7.O
META,META230120P00100000,META/Lw0g^.O
META,META230120P00105000,META/Lw0oBB.O
META,META230120P00110000,META/Lw0wEB.O
META,META230120P00115000,META/Lw04HB.O
META,META230120P00120000,META/Lw0ALB.O
META,META230120P00125000,META/Lw0IOB.O
META,META230120P00130000,META/Lw0QRB.O
META,META230120P00135000,META/Lw0YUB.O
META,META230120P00140000,META/Lw0gXB.O
META,META230120P00145000,META/Lw0oaB.O
META,META230120P00150000,META/Lw0wdB.O
META,META230120P00155000,META/Lw04gB.O
META,META230120P00160000,META/Lw0AkB.O
META,META230120P00165000,META/Lw0InB.O
META,META230120P00170000,META/Lw0QqB.O
META,META230120P00175000,META/Lw0YtB.O
META,META230120P00180000,META/Lw0gwB.O
META,META230120P00185000,META/Lw0ozB.O
META,META230120P00190000,META/Lw0w2B.O
META,META230120P00195000,META/Lw045B.O
META,META230120P00200000,META/Lw0A9B.O
META,META230120P00210000,META/Lw0QDC.O
META,META230120P00220000,META/Lw0gJC.O
META,META230120P00230000,META/Lw0wPC.O
META,META230120P00235000,META/Lw04SC.O
META,META230120P00240000,META/Lw0AWC.O
META,META230120P00245000,META/Lw0IZC.O
META,META230120P00250000,META/Lw0QcC.O
META,META230120P00255000,META/Lw0YfC.O
META,META230120P00260000,META/Lw0giC.O
META,META230120P00265000,META/Lw0olC.O
META,META230120P00270000,META/Lw0woC.O
META,META230120P00275000,META/Lw04rC.O
META,META230120P00280000,META/Lw0AvC.O
META,META230120P00285000,META/Lw0IyC.O
META,META230120P00290000,META/Lw0Q1C.O
META,META230120P00295000,META/Lw0Y4C.O
META,META230120P00300000,META/Lw0g7C.O
META,META230120P00305000,META/Lw0o^C.O
META,META230120P00310000,META/Lw0wBD.O
META,META230120P00315000,META/Lw04ED.O
META,META230120P00320000,META/Lw0AID.O
META,META230120P00325000,META/Lw0ILD.O
META,META230120P00330000,META/Lw0QOD.O
META,META230120P00335000,META/Lw0YRD.O
META,META230120P00340000,META/Lw0gUD.O
META,META230120P00345000,META/Lw0oXD.O
META,META230120P00350000,META/Lw0waD.O
META,META230120P00355000,META/Lw04dD.O
META,META230120P00360000,META/Lw0AhD.O
META,META230120P00365000,META/Lw0IkD.O
META,META230120P00370000,META/Lw0QnD.O
META,META230120P00375000,META/Lw0YqD.O
META,META230120P00380000,META/Lw0gtD.O
META,META230120P00385000,META/Lw0owD.O
META,META230120P00390000,META/Lw0wzD.O
META,META230120P00395000,META/Lw042D.O
META,META230120P00400000,META/Lw0A6D.O
META,META230120P00405000,META/Lw0I9D.O
META,META230120P00410000,META/Lw0QAE.O
META,META230120P00415000,META/Lw0YDE.O
META,META230120P00420000,META/Lw0gGE.O
META,META230120P00425000,META/Lw0oJE.O
META,META230120P00430000,META/Lw0wME.O
META,META230120P00435000,META/Lw04PE.O
META,META230120P00440000,META/Lw0ATE.O
META,META230120P00445000,META/Lw0IWE.O
META,META230120P00450000,META/Lw0QZE.O
META,META230120P00460000,META/Lw0gfE.O
META,META230120P00470000,META/Lw0wlE.O
META,META230120P00480000,META/Lw0AsE.O
META,META230120P00490000,META/Lw0QyE.O
META,META230120P00500000,META/Lw0g4E.O
META,META230120P00510000,META/Lw0w^E.O
META,META230120P00520000,META/Lw0AFF.O
META,META230120P00530000,META/Lw0QLF.O
META,META230120P00540000,META/Lw0gRF.O
META,META230120P00550000,META/Lw0wXF.O
META,META230120P00560000,META/Lw0AeF.O
META,META230120P00570000,META/Lw0QkF.O
META,META230120P00580000,META/Lw0gqF.O
META,META230120P00590000,META/Lw0wwF.O
META,META230120P00600000,META/Lw0A3F.O
META,META230120P00650000,META/Lw0QWG.O
META,META230120P00700000,META/Lw0g1G.O
META,META230317C00005000,META/LmxID.O
META,META230317C00015000,META/LmxYJ.O
META,META230317C00075000,META/Lmx4u.O
META,META230317C00085000,META/LmxI1.O
META,META230317C00090000,META/LmxQ4.O
META,META230317C00095000,META/LmxY7.O
META,META230317C00100000,META/Lmxg^.O
META,META230317C00105000,META/LmxoBB.O
META,META230317C00110000,META/LmxwEB.O
META,META230317C00115000,META/Lmx4HB.O
META,META230317C00120000,META/LmxALB.O
META,META230317C00125000,META/LmxIOB.O
META,META230317C00130000,META/LmxQRB.O
META,META230317C00135000,META/LmxYUB.O
META,META230317C00140000,META/LmxgXB.O
META,META230317C00145000,META/LmxoaB.O
META,META230317C00150000,META/LmxwdB.O
META,META230317C00155000,META/Lmx4gB.O
META,META230317C00160000,META/LmxAkB.O
META,META230317C00165000,META/LmxInB.O
META,META230317C00170000,META/LmxQqB.O
META,META230317C00175000,META/LmxYtB.O
META,META230317C00180000,META/LmxgwB.O
META,META230317C00185000,META/LmxozB.O
META,META230317C00190000,META/Lmxw2B.O
META,META230317C00195000,META/Lmx45B.O
META,META230317C00200000,META/LmxA9B.O
META,META230317C00205000,META/LmxIAC.O
META,META230317C00210000,META/LmxQDC.O
META,META230317C00215000,META/LmxYGC.O
META,META230317C00220000,META/LmxgJC.O
META,META230317C00225000,META/LmxoMC.O
META,META230317C00230000,META/LmxwPC.O
META,META230317C00240000,META/LmxAWC.O
META,META230317C00245000,META/LmxIZC.O
META,META230317C00250000,META/LmxQcC.O
META,META230317C00255000,META/LmxYfC.O
META,META230317C00260000,META/LmxgiC.O
META,META230317C00265000,META/LmxolC.O
META,META230317C00270000,META/LmxwoC.O
META,META230317C00275000,META/Lmx4rC.O
META,META230317C00280000,META/LmxAvC.O
META,META230317C00285000,META/LmxIyC.O
META,META230317C00290000,META/LmxQ1C.O
META,META230317C00295000,META/LmxY4C.O
META,META230317C00300000,META/Lmxg7C.O
META,META230317C00310000,META/LmxwBD.O
META,META230317C00320000,META/LmxAID.O
META,META230317C00330000,META/LmxQOD.O
META,META230317C00340000,META/LmxgUD.O
META,META230317C00350000,META/LmxwaD.O
META,META230317C00360000,META/LmxAhD.O
META,META230317C00370000,META/LmxQnD.O
META,META230317C00380000,META/LmxgtD.O
META,META230317C00390000,META/LmxwzD.O
META,META230317C00400000,META/LmxA6D.O
META,META230317C00410000,META/LmxQAE.O
META,META230317C00420000,META/LmxgGE.O
META,META230317C00430000,META/LmxwME.O
META,META230317C00440000,META/LmxATE.O
META,META230317C00450000,META/LmxQZE.O
META,META230317C00460000,META/LmxgfE.O
META,META230317C00470000,META/LmxwlE.O
META,META230317C00480000,META/LmxAsE.O
META,META230317C00490000,META/LmxQyE.O
META,META230317C00500000,META/Lmxg4E.O
META,META230317C00510000,META/Lmxw^E.O
META,META230317C00520000,META/LmxAFF.O
META,META230317C00530000,META/LmxQLF.O
META,META230317C00540000,META/LmxgRF.O
META,META230317C00550000,META/LmxwXF.O
META,META230317C00560000,META/LmxAeF.O
META,META230317C00570000,META/LmxQkF.O
META,META230317C00580000,META/LmxgqF.O
META,META230317C00590000,META/LmxwwF.O
META,META230317C00600000,META/LmxA3F.O
META,META230317C00610000,META/LmxQ9F.O
META,META230317C00620000,META/LmxgDG.O
META,META230317C00630000,META/LmxwJG.O
META,META230317C00640000,META/LmxAQG.O
META,META230317C00650000,META/LmxQWG.O
META,META230317P00005000,META/LyxID.O
META,META230317P00025000,META/LyxoP.O
META,META230317P00035000,META/Lyx4V.O
META,META230317P00040000,META/LyxAZ.O
META,META230317P00045000,META/LyxIc.O
META,META230317P00050000,META/LyxQf.O
META,META230317P00055000,META/LyxYi.O
META,META230317P00060000,META/Lyxgl.O
META,META230317P00065000,META/Lyxoo.O
META,META230317P00070000,META/Lyxwr.O
META,META230317P00075000,META/Lyx4u.O
META,META230317P00080000,META/LyxAy.O
META,META230317P00085000,META/LyxI1.O
META,META230317P00090000,META/LyxQ4.O
META,META230317P00095000,META/LyxY7.O
META,META230317P00100000,META/Lyxg^.O
META,META230317P00105000,META/LyxoBB.O
META,META230317P00110000,META/LyxwEB.O
META,META230317P00115000,META/Lyx4HB.O
META,META230317P00120000,META/LyxALB.O
META,META230317P00125000,META/LyxIOB.O
META,META230317P00130000,META/LyxQRB.O
META,META230317P00135000,META/LyxYUB.O
META,META230317P00140000,META/LyxgXB.O
META,META230317P00145000,META/LyxoaB.O
META,META230317P00150000,META/LyxwdB.O
META,META230317P00155000,META/Lyx4gB.O
META,META230317P00160000,META/LyxAkB.O
META,META230317P00165000,META/LyxInB.O
META,META230317P00170000,META/LyxQqB.O
META,META230317P00175000,META/LyxYtB.O
META,META230317P00180000,META/LyxgwB.O
META,META230317P00185000,META/LyxozB.O
META,META230317P00190000,META/Lyxw2B.O
META,META230317P00195000,META/Lyx45B.O
META,META230317P00200000,META/LyxA9B.O
META,META230317P00205000,META/LyxIAC.O
META,META230317P00210000,META/LyxQDC.O
META,META230317P00220000,META/LyxgJC.O
META,META230317P00225000,META/LyxoMC.O
META,META230317P00230000,META/LyxwPC.O
META,META230317P00235000,META/Lyx4SC.O
META,META230317P00240000,META/LyxAWC.O
META,META230317P00245000,META/LyxIZC.O
META,META230317P00250000,META/LyxQcC.O
META,META230317P00255000,META/LyxYfC.O
META,META230317P00260000,META/LyxgiC.O
META,META230317P00265000,META/LyxolC.O
META,META230317P00270000,META/LyxwoC.O
META,META230317P00275000,META/Lyx4rC.O
META,META230317P00280000,META/LyxAvC.O
META,META230317P00285000,META/LyxIyC.O
META,META230317P00290000,META/LyxQ1C.O
META,META230317P00295000,META/LyxY4C.O
META,META230317P00300000,META/Lyxg7C.O
META,META230317P00310000,META/LyxwBD.O
META,META230317P00320000,META/LyxAID.O
META,META230317P00330000,META/LyxQOD.O
META,META230317P00340000,META/LyxgUD.O
META,META230317P00350000,META/LyxwaD.O
META,META230317P00360000,META/LyxAhD.O
META,META230317P00370000,META/LyxQnD.O
META,META230317P00380000,META/LyxgtD.O
META,META230317P00390000,META/LyxwzD.O
META,META230317P00400000,META/LyxA6D.O
META,META230317P00410000,META/LyxQAE.O
META,META230317P00420000,META/LyxgGE.O
META,META230317P00430000,META/LyxwME.O
META,META230317P00440000,META/LyxATE.O
META,META230317P00450000,META/LyxQZE.O
META,META230317P00460000,META/LyxgfE.O
META,META230317P00470000,META/LyxwlE.O
META,META230317P00480000,META/LyxAsE.O
META,META230317P00490000,META/LyxQyE.O
META,META230317P00500000,META/Lyxg4E.O
META,META230317P00510000,META/Lyxw^E.O
META,META230317P00520000,META/LyxAFF.O
META,META230317P00530000,META/LyxQLF.O
META,META230317P00540000,META/LyxgRF.O
META,META230317P00550000,META/LyxwXF.O
META,META230317P00560000,META/LyxAeF.O
META,META230317P00570000,META/LyxQkF.O
META,META230317P00580000,META/LyxgqF.O
META,META230317P00590000,META/LyxwwF.O
META,META230317P00600000,META/LyxA3F.O
META,META230317P00610000,META/LyxQ9F.O
META,META230317P00620000,META/LyxgDG.O
META,META230317P00630000,META/LyxwJG.O
META,META230317P00650000,META/LyxQWG.O
META,META230616C00005000,META/LpwID.O
META,META230616C00050000,META/LpwQf.O
META,META230616C00070000,META/Lpwwr.O
META,META230616C00080000,META/LpwAy.O
META,META230616C00085000,META/LpwI1.O
META,META230616C00090000,META/LpwQ4.O
META,META230616C00095000,META/LpwY7.O
META,META230616C00100000,META/Lpwg^.O
META,META230616C00105000,META/LpwoBB.O
META,META230616C00110000,META/LpwwEB.O
META,META230616C00115000,META/Lpw4HB.O
META,META230616C00120000,META/LpwALB.O
META,META230616C00125000,META/LpwIOB.O
META,META230616C00130000,META/LpwQRB.O
META,META230616C00135000,META/LpwYUB.O
META,META230616C00140000,META/LpwgXB.O
META,META230616C00145000,META/LpwoaB.O
META,META230616C00150000,META/LpwwdB.O
META,META230616C00155000,META/Lpw4gB.O
META,META230616C00160000,META/LpwAkB.O
META,META230616C00165000,META/LpwInB.O
META,META230616C00170000,META/LpwQqB.O
META,META230616C00175000,META/LpwYtB.O
META,META230616C00180000,META/LpwgwB.O
META,META230616C00185000,META/LpwozB.O
META,META230616C00190000,META/Lpww2B.O
META,META230616C00195000,META/Lpw45B.O
META,META230616C00200000,META/LpwA9B.O
META,META230616C00210000,META/LpwQDC.O
META,META230616C00220000,META/LpwgJC.O
META,META230616C00230000,META/LpwwPC.O
META,META230616C00240000,META/LpwAWC.O
META,META230616C00245000,META/LpwIZC.O
META,META230616C00250000,META/LpwQcC.O
META,META230616C00255000,META/LpwYfC.O
META,META230616C00260000,META/LpwgiC.O
META,META230616C00265000,META/LpwolC.O
META,META230616C00270000,META/LpwwoC.O
META,META230616C00275000,META/Lpw4rC.O
META,META230616C00280000,META/LpwAvC.O
META,META230616C00285000,META/LpwIyC.O
META,META230616C00290000,META/LpwQ1C.O
META,META230616C00295000,META/LpwY4C.O
META,META230616C00300000,META/Lpwg7C.O
META,META230616C00305000,META/Lpwo^C.O
META,META230616C00310000,META/LpwwBD.O
META,META230616C00315000,META/Lpw4ED.O
META,META230616C00320000,META/LpwAID.O
META,META230616C00325000,META/LpwILD.O
META,META230616C00330000,META/LpwQOD.O
META,META230616C00335000,META/LpwYRD.O
META,META230616C00340000,META/LpwgUD.O
META,META230616C00345000,META/LpwoXD.O
META,META230616C00350000,META/LpwwaD.O
META,META230616C00355000,META/Lpw4dD.O
META,META230616C00360000,META/LpwAhD.O
META,META230616C00365000,META/LpwIkD.O
META,META230616C00370000,META/LpwQnD.O
META,META230616C00375000,META/LpwYqD.O
META,META230616C00380000,META/LpwgtD.O
META,META230616C00385000,META/LpwowD.O
META,META230616C00390000,META/LpwwzD.O
META,META230616C00395000,META/Lpw42D.O
META,META230616C00400000,META/LpwA6D.O
META,META230616C00405000,META/LpwI9D.O
META,META230616C00410000,META/LpwQAE.O
META,META230616C00415000,META/LpwYDE.O
META,META230616C00420000,META/LpwgGE.O
META,META230616C00425000,META/LpwoJE.O
META,META230616C00430000,META/LpwwME.O
META,META230616C00435000,META/Lpw4PE.O
META,META230616C00440000,META/LpwATE.O
META,META230616C00445000,META/LpwIWE.O
META,META230616C00450000,META/LpwQZE.O
META,META230616C00460000,META/LpwgfE.O
META,META230616C00470000,META/LpwwlE.O
META,META230616C00480000,META/LpwAsE.O
META,META230616C00490000,META/LpwQyE.O
META,META230616C00500000,META/Lpwg4E.O
META,META230616C00510000,META/Lpww^E.O
META,META230616C00520000,META/LpwAFF.O
META,META230616C00530000,META/LpwQLF.O
META,META230616C00540000,META/LpwgRF.O
META,META230616C00550000,META/LpwwXF.O
META,META230616C00560000,META/LpwAeF.O
META,META230616C00570000,META/LpwQkF.O
META,META230616C00580000,META/LpwgqF.O
META,META230616C00590000,META/LpwwwF.O
META,META230616C00600000,META/LpwA3F.O
META,META230616C00650000,META/LpwQWG.O
META,META230616C00700000,META/Lpwg1G.O
META,META230616P00010000,META/L1wQG.O
META,META230616P00020000,META/L1wgM.O
META,META230616P00025000,META/L1woP.O
META,META230616P00030000,META/L1wwS.O
META,META230616P00040000,META/L1wAZ.O
META,META230616P00045000,META/L1wIc.O
META,META230616P00050000,META/L1wQf.O
META,META230616P00060000,META/L1wgl.O
META,META230616P00065000,META/L1woo.O
META,META230616P00070000,META/L1wwr.O
META,META230616P00075000,META/L1w4u.O
META,META230616P00080000,META/L1wAy.O
META,META230616P00085000,META/L1wI1.O
META,META230616P00090000,META/L1wQ4.O
META,META230616P00095000,META/L1wY7.O
META,META230616P00100000,META/L1wg^.O
META,META230616P00105000,META/L1woBB.O
META,META230616P00110000,META/L1wwEB.O
META,META230616P00115000,META/L1w4HB.O
META,META230616P00120000,META/L1wALB.O
META,META230616P00125000,META/L1wIOB.O
META,META230616P00130000,META/L1wQRB.O
META,META230616P00135000,META/L1wYUB.O
META,META230616P00140000,META/L1wgXB.O
META,META230616P00145000,META/L1woaB.O
META,META230616P00150000,META/L1wwdB.O
META,META230616P00155000,META/L1w4gB.O
META,META230616P00160000,META/L1wAkB.O
META,META230616P00165000,META/L1wInB.O
META,META230616P00170000,META/L1wQqB.O
META,META230616P00175000,META/L1wYtB.O
META,META230616P00180000,META/L1wgwB.O
META,META230616P00185000,META/L1wozB.O
META,META230616P00190000,META/L1ww2B.O
META,META230616P00195000,META/L1w45B.O
META,META230616P00200000,META/L1wA9B.O
META,META230616P00210000,META/L1wQDC.O
META,META230616P00220000,META/L1wgJC.O
META,META230616P00230000,META/L1wwPC.O
META,META230616P00240000,META/L1wAWC.O
META,META230616P00250000,META/L1wQcC.O
META,META230616P00255000,META/L1wYfC.O
META,META230616P00260000,META/L1wgiC.O
META,META230616P00265000,META/L1wolC.O
META,META230616P00270000,META/L1wwoC.O
META,META230616P00275000,META/L1w4rC.O
META,META230616P00280000,META/L1wAvC.O
META,META230616P00285000,META/L1wIyC.O
META,META230616P00290000,META/L1wQ1C.O
META,META230616P00295000,META/L1wY4C.O
META,META230616P00300000,META/L1wg7C.O
META,META230616P00305000,META/L1wo^C.O
META,META230616P00310000,META/L1wwBD.O
META,META230616P00315000,META/L1w4ED.O
META,META230616P00320000,META/L1wAID.O
META,META230616P00325000,META/L1wILD.O
META,META230616P00330000,META/L1wQOD.O
META,META230616P00335000,META/L1wYRD.O
META,META230616P00340000,META/L1wgUD.O
META,META230616P00345000,META/L1woXD.O
META,META230616P00350000,META/L1wwaD.O
META,META230616P00355000,META/L1w4dD.O
META,META230616P00360000,META/L1wAhD.O
META,META230616P00365000,META/L1wIkD.O
META,META230616P00370000,META/L1wQnD.O
META,META230616P00375000,META/L1wYqD.O
META,META230616P00380000,META/L1wgtD.O
META,META230616P00385000,META/L1wowD.O
META,META230616P00390000,META/L1wwzD.O
META,META230616P00395000,META/L1w42D.O
META,META230616P00400000,META/L1wA6D.O
META,META230616P00405000,META/L1wI9D.O
META,META230616P00410000,META/L1wQAE.O
META,META230616P00415000,META/L1wYDE.O
META,META230616P00420000,META/L1wgGE.O
META,META230616P00425000,META/L1woJE.O
META,META230616P00430000,META/L1wwME.O
META,META230616P00435000,META/L1w4PE.O
META,META230616P00440000,META/L1wATE.O
META,META230616P00445000,META/L1wIWE.O
META,META230616P00450000,META/L1wQZE.O
META,META230616P00460000,META/L1wgfE.O
META,META230616P00470000,META/L1wwlE.O
META,META230616P00480000,META/L1wAsE.O
META,META230616P00490000,META/L1wQyE.O
META,META230616P00500000,META/L1wg4E.O
META,META230616P00510000,META/L1ww^E.O
META,META230616P00520000,META/L1wAFF.O
META,META230616P00530000,META/L1wQLF.O
META,META230616P00540000,META/L1wgRF.O
META,META230616P00550000,META/L1wwXF.O
META,META230616P00560000,META/L1wAeF.O
META,META230616P00570000,META/L1wQkF.O
META,META230616P00580000,META/L1wgqF.O
META,META230616P00590000,META/L1wwwF.O
META,META230616P00600000,META/L1wA3F.O
META,META230616P00650000,META/L1wQWG.O
META,META230616P00700000,META/L1wg1G.O
META,META230915C00005000,META/LsvID.O
META,META230915C00020000,META/LsvgM.O
META,META230915C00050000,META/LsvQf.O
META,META230915C00060000,META/Lsvgl.O
META,META230915C00080000,META/LsvAy.O
META,META230915C00085000,META/LsvI1.O
META,META230915C00090000,META/LsvQ4.O
META,META230915C00095000,META/LsvY7.O
META,META230915C00100000,META/Lsvg^.O
META,META230915C00105000,META/LsvoBB.O
META,META230915C00110000,META/LsvwEB.O
META,META230915C00115000,META/Lsv4HB.O
META,META230915C00120000,META/LsvALB.O
META,META230915C00125000,META/LsvIOB.O
META,META230915C00130000,META/LsvQRB.O
META,META230915C00135000,META/LsvYUB.O
META,META230915C00140000,META/LsvgXB.O
META,META230915C00145000,META/LsvoaB.O
META,META230915C00150000,META/LsvwdB.O
META,META230915C00155000,META/Lsv4gB.O
META,META230915C00160000,META/LsvAkB.O
META,META230915C00165000,META/LsvInB.O
META,META230915C00170000,META/LsvQqB.O
META,META230915C00175000,META/LsvYtB.O
META,META230915C00180000,META/LsvgwB.O
META,META230915C00185000,META/LsvozB.O
META,META230915C00190000,META/Lsvw2B.O
META,META230915C00195000,META/Lsv45B.O
META,META230915C00200000,META/LsvA9B.O
META,META230915C00205000,META/LsvIAC.O
META,META230915C00210000,META/LsvQDC.O
META,META230915C00215000,META/LsvYGC.O
META,META230915C00220000,META/LsvgJC.O
META,META230915C00225000,META/LsvoMC.O
META,META230915C00230000,META/LsvwPC.O
META,META230915C00235000,META/Lsv4SC.O
META,META230915C00240000,META/LsvAWC.O
META,META230915C00245000,META/LsvIZC.O
META,META230915C00250000,META/LsvQcC.O
META,META230915C00255000,META/LsvYfC.O
META,META230915C00260000,META/LsvgiC.O
META,META230915C00265000,META/LsvolC.O
META,META230915C00270000,META/LsvwoC.O
META,META230915C00275000,META/Lsv4rC.O
META,META230915C00280000,META/LsvAvC.O
META,META230915C00285000,META/LsvIyC.O
META,META230915C00290000,META/LsvQ1C.O
META,META230915C00295000,META/LsvY4C.O
META,META230915C00300000,META/Lsvg7C.O
META,META230915C00305000,META/Lsvo^C.O
META,META230915C00310000,META/LsvwBD.O
META,META230915C00315000,META/Lsv4ED.O
META,META230915C00320000,META/LsvAID.O
META,META230915C00325000,META/LsvILD.O
META,META230915C00330000,META/LsvQOD.O
META,META230915C00335000,META/LsvYRD.O
META,META230915C00340000,META/LsvgUD.O
META,META230915C00350000,META/LsvwaD.O
META,META230915C00355000,META/Lsv4dD.O
META,META230915C00360000,META/LsvAhD.O
META,META230915C00365000,META/LsvIkD.O
META,META230915C00370000,META/LsvQnD.O
META,META230915C00375000,META/LsvYqD.O
META,META230915C00380000,META/LsvgtD.O
META,META230915C00385000,META/LsvowD.O
META,META230915C00390000,META/LsvwzD.O
META,META230915C00395000,META/Lsv42D.O
META,META230915C00400000,META/LsvA6D.O
META,META230915C00405000,META/LsvI9D.O
META,META230915C00410000,META/LsvQAE.O
META,META230915P00005000,META/L4vID.O
META,META230915P00015000,META/L4vYJ.O
META,META230915P00020000,META/L4vgM.O
META,META230915P00025000,META/L4voP.O
META,META230915P00035000,META/L4v4V.O
META,META230915P00040000,META/L4vAZ.O
META,META230915P00045000,META/L4vIc.O
META,META230915P00050000,META/L4vQf.O
META,META230915P00070000,META/L4vwr.O
META,META230915P00080000,META/L4vAy.O
META,META230915P00085000,META/L4vI1.O
META,META230915P00090000,META/L4vQ4.O
META,META230915P00095000,META/L4vY7.O
META,META230915P00100000,META/L4vg^.O
META,META230915P00105000,META/L4voBB.O
META,META230915P00110000,META/L4vwEB.O
META,META230915P00115000,META/L4v4HB.O
META,META230915P00120000,META/L4vALB.O
META,META230915P00125000,META/L4vIOB.O
META,META230915P00130000,META/L4vQRB.O
META,META230915P00135000,META/L4vYUB.O
META,META230915P00140000,META/L4vgXB.O
META,META230915P00145000,META/L4voaB.O
META,META230915P00150000,META/L4vwdB.O
META,META230915P00155000,META/L4v4gB.O
META,META230915P00160000,META/L4vAkB.O
META,META230915P00165000,META/L4vInB.O
META,META230915P00170000,META/L4vQqB.O
META,META230915P00175000,META/L4vYtB.O
META,META230915P00180000,META/L4vgwB.O
META,META230915P00185000,META/L4vozB.O
META,META230915P00190000,META/L4vw2B.O
META,META230915P00195000,META/L4v45B.O
META,META230915P00200000,META/L4vA9B.O
META,META230915P00205000,META/L4vIAC.O
META,META230915P00210000,META/L4vQDC.O
META,META230915P00215000,META/L4vYGC.O
META,META230915P00220000,META/L4vgJC.O
META,META230915P00225000,META/L4voMC.O
META,META230915P00230000,META/L4vwPC.O
META,META230915P00235000,META/L4v4SC.O
META,META230915P00240000,META/L4vAWC.O
META,META230915P00245000,META/L4vIZC.O
META,META230915P00250000,META/L4vQcC.O
META,META230915P00255000,META/L4vYfC.O
META,META230915P00260000,META/L4vgiC.O
META,META230915P00265000,META/L4volC.O
META,META230915P00270000,META/L4vwoC.O
META,META230915P00275000,META/L4v4rC.O
META,META230915P00280000,META/L4vAvC.O
META,META230915P00285000,META/L4vIyC.O
META,META230915P00290000,META/L4vQ1C.O
META,META230915P00295000,META/L4vY4C.O
META,META230915P00300000,META/L4vg7C.O
META,META230915P00305000,META/L4vo^C.O
META,META230915P00310000,META/L4vwBD.O
META,META230915P00315000,META/L4v4ED.O
META,META230915P00320000,META/L4vAID.O
META,META230915P00325000,META/L4vILD.O
META,META230915P00330000,META/L4vQOD.O
META,META230915P00335000,META/L4vYRD.O
META,META230915P00340000,META/L4vgUD.O
META,META230915P00345000,META/L4voXD.O
META,META230915P00350000,META/L4vwaD.O
META,META230915P00355000,META/L4v4dD.O
META,META230915P00360000,META/L4vAhD.O
META,META230915P00365000,META/L4vIkD.O
META,META230915P00370000,META/L4vQnD.O
META,META230915P00375000,META/L4vYqD.O
META,META230915P00380000,META/L4vgtD.O
META,META230915P00385000,META/L4vowD.O
META,META230915P00390000,META/L4vwzD.O
META,META230915P00395000,META/L4v42D.O
META,META230915P00400000,META/L4vA6D.O
META,META230915P00405000,META/L4vI9D.O
META,META230915P00410000,META/L4vQAE.O
META,META240119C00005000,META/MEzID.O
META,META240119C00010000,META/MEzQG.O
META,META240119C00035000,META/MEz4V.O
META,META240119C00045000,META/MEzIc.O
META,META240119C00050000,META/MEzQf.O
META,META240119C00060000,META/MEzgl.O
META,META240119C00070000,META/MEzwr.O
META,META240119C00080000,META/MEzAy.O
META,META240119C00085000,META/MEzI1.O
META,META240119C00090000,META/MEzQ4.O
META,META240119C00095000,META/MEzY7.O
META,META240119C00100000,META/MEzg^.O
META,META240119C00105000,META/MEzoBB.O
META,META240119C00110000,META/MEzwEB.O
META,META240119C00115000,META/MEz4HB.O
META,META240119C00120000,META/MEzALB.O
META,META240119C00125000,META/MEzIOB.O
META,META240119C00130000,META/MEzQRB.O
META,META240119C00135000,META/MEzYUB.O
META,META240119C00140000,META/MEzgXB.O
META,META240119C00145000,META/MEzoaB.O
META,META240119C00150000,META/MEzwdB.O
META,META240119C00155000,META/MEz4gB.O
META,META240119C00160000,META/MEzAkB.O
META,META240119C00165000,META/MEzInB.O
META,META240119C00170000,META/MEzQqB.O
META,META240119C00175000,META/MEzYtB.O
META,META240119C00180000,META/MEzgwB.O
META,META240119C00185000,META/MEzozB.O
META,META240119C00190000,META/MEzw2B.O
META,META240119C00195000,META/MEz45B.O
META,META240119C00200000,META/MEzA9B.O
META,META240119C00210000,META/MEzQDC.O
META,META240119C00220000,META/MEzgJC.O
META,META240119C00230000,META/MEzwPC.O
META,META240119C00235000,META/MEz4SC.O
META,META240119C00240000,META/MEzAWC.O
META,META240119C00245000,META/MEzIZC.O
META,META240119C00250000,META/MEzQcC.O
META,META240119C00255000,META/MEzYfC.O
META,META240119C00260000,META/MEzgiC.O
META,META240119C00265000,META/MEzolC.O
META,META240119C00270000,META/MEzwoC.O
META,META240119C00275000,META/MEz4rC.O
META,META240119C00280000,META/MEzAvC.O
META,META240119C00285000,META/MEzIyC.O
META,META240119C00290000,META/MEzQ1C.O
META,META240119C00295000,META/MEzY4C.O
META,META240119C00300000,META/MEzg7C.O
META,META240119C00305000,META/MEzo^C.O
META,META240119C00310000,META/MEzwBD.O
META,META240119C00315000,META/MEz4ED.O
META,META240119C00320000,META/MEzAID.O
META,META240119C00325000,META/MEzILD.O
META,META240119C00330000,META/MEzQOD.O
META,META240119C00335000,META/MEzYRD.O
META,META240119C00340000,META/MEzgUD.O
META,META240119C00345000,META/MEzoXD.O
META,META240119C00350000,META/MEzwaD.O
META,META240119C00355000,META/MEz4dD.O
META,META240119C00360000,META/MEzAhD.O
META,META240119C00365000,META/MEzIkD.O
META,META240119C00370000,META/MEzQnD.O
META,META240119C00375000,META/MEzYqD.O
META,META240119C00380000,META/MEzgtD.O
META,META240119C00385000,META/MEzowD.O
META,META240119C00390000,META/MEzwzD.O
META,META240119C00395000,META/MEz42D.O
META,META240119C00400000,META/MEzA6D.O
META,META240119C00405000,META/MEzI9D.O
META,META240119C00410000,META/MEzQAE.O
META,META240119C00415000,META/MEzYDE.O
META,META240119C00420000,META/MEzgGE.O
META,META240119C00425000,META/MEzoJE.O
META,META240119C00430000,META/MEzwME.O
META,META240119C00435000,META/MEz4PE.O
META,META240119C00440000,META/MEzATE.O
META,META240119C00445000,META/MEzIWE.O
META,META240119C00450000,META/MEzQZE.O
META,META240119C00460000,META/MEzgfE.O
META,META240119C00470000,META/MEzwlE.O
META,META240119C00480000,META/MEzAsE.O
META,META240119C00490000,META/MEzQyE.O
META,META240119C00500000,META/MEzg4E.O
META,META240119C00510000,META/MEzw^E.O
META,META240119C00520000,META/MEzAFF.O
META,META240119C00530000,META/MEzQLF.O
META,META240119C00540000,META/MEzgRF.O
META,META240119C00550000,META/MEzwXF.O
META,META240119C00560000,META/MEzAeF.O
META,META240119C00570000,META/MEzQkF.O
META,META240119C00580000,META/MEzgqF.O
META,META240119C00590000,META/MEzwwF.O
META,META240119C00600000,META/MEzA3F.O
META,META240119C00650000,META/MEzQWG.O
META,META240119C00700000,META/MEzg1G.O
META,META240119P00005000,META/MQzID.O
META,META240119P00015000,META/MQzYJ.O
META,META240119P00020000,META/MQzgM.O
META,META240119P00025000,META/MQzoP.O
META,META240119P00030000,META/MQzwS.O
META,META240119P00035000,META/MQz4V.O
META,META240119P00040000,META/MQzAZ.O
META,META240119P00045000,META/MQzIc.O
META,META240119P00050000,META/MQzQf.O
META,META240119P00060000,META/MQzgl.O
META,META240119P00070000,META/MQzwr.O
META,META240119P00080000,META/MQzAy.O
META,META240119P00085000,META/MQzI1.O
META,META240119P00090000,META/MQzQ4.O
META,META240119P00095000,META/MQzY7.O
META,META240119P00100000,META/MQzg^.O
META,META240119P00105000,META/MQzoBB.O
META,META240119P00110000,META/MQzwEB.O
META,META240119P00115000,META/MQz4HB.O
META,META240119P00120000,META/MQzALB.O
META,META240119P00125000,META/MQzIOB.O
META,META240119P00130000,META/MQzQRB.O
META,META240119P00135000,META/MQzYUB.O
META,META240119P00140000,META/MQzgXB.O
META,META240119P00145000,META/MQzoaB.O
META,META240119P00150000,META/MQzwdB.O
META,META240119P00155000,META/MQz4gB.O
META,META240119P00160000,META/MQzAkB.O
META,META240119P00165000,META/MQzInB.O
META,META240119P00170000,META/MQzQqB.O
META,META240119P00175000,META/MQzYtB.O
META,META240119P00180000,META/MQzgwB.O
META,META240119P00185000,META/MQzozB.O
META,META240119P00190000,META/MQzw2B.O
META,META240119P00195000,META/MQz45B.O
META,META240119P00200000,META/MQzA9B.O
META,META240119P00210000,META/MQzQDC.O
META,META240119P00220000,META/MQzgJC.O
META,META240119P00230000,META/MQzwPC.O
META,META240119P00235000,META/MQz4SC.O
META,META240119P00240000,META/MQzAWC.O
META,META240119P00245000,META/MQzIZC.O
META,META240119P00250000,META/MQzQcC.O
META,META240119P00255000,META/MQzYfC.O
META,META240119P00260000,META/MQzgiC.O
META,META240119P00265000,META/MQzolC.O
META,META240119P00270000,META/MQzwoC.O
META,META240119P00275000,META/MQz4rC.O
META,META240119P00280000,META/MQzAvC.O
META,META240119P00285000,META/MQzIyC.O
META,META240119P00290000,META/MQzQ1C.O
META,META240119P00295000,META/MQzY4C.O
META,META240119P00300000,META/MQzg7C.O
META,META240119P00305000,META/MQzo^C.O
META,META240119P00310000,META/MQzwBD.O
META,META240119P00315000,META/MQz4ED.O
META,META240119P00320000,META/MQzAID.O
META,META240119P00325000,META/MQzILD.O
META,META240119P00330000,META/MQzQOD.O
META,META240119P00335000,META/MQzYRD.O
META,META240119P00340000,META/MQzgUD.O
META,META240119P00345000,META/MQzoXD.O
META,META240119P00350000,META/MQzwaD.O
META,META240119P00355000,META/MQz4dD.O
META,META240119P00360000,META/MQzAhD.O
META,META240119P00365000,META/MQzIkD.O
META,META240119P00370000,META/MQzQnD.O
META,META240119P00375000,META/MQzYqD.O
META,META240119P00380000,META/MQzgtD.O
META,META240119P00385000,META/MQzowD.O
META,META240119P00390000,META/MQzwzD.O
META,META240119P00395000,META/MQz42D.O
META,META240119P00400000,META/MQzA6D.O
META,META240119P00405000,META/MQzI9D.O
META,META240119P00410000,META/MQzQAE.O
META,META240119P00415000,META/MQzYDE.O
META,META240119P00420000,META/MQzgGE.O
META,META240119P00425000,META/MQzoJE.O
META,META240119P00430000,META/MQzwME.O
META,META240119P00435000,META/MQz4PE.O
META,META240119P00440000,META/MQzATE.O
META,META240119P00445000,META/MQzIWE.O
META,META240119P00450000,META/MQzQZE.O
META,META240119P00460000,META/MQzgfE.O
META,META240119P00470000,META/MQzwlE.O
META,META240119P00480000,META/MQzAsE.O
META,META240119P00490000,META/MQzQyE.O
META,META240119P00500000,META/MQzg4E.O
META,META240119P00510000,META/MQzw^E.O
META,META240119P00520000,META/MQzAFF.O
META,META240119P00530000,META/MQzQLF.O
META,META240119P00540000,META/MQzgRF.O
META,META240119P00550000,META/MQzwXF.O
META,META240119P00560000,META/MQzAeF.O
META,META240119P00580000,META/MQzgqF.O
META,META240119P00590000,META/MQzwwF.O
META,META240119P00600000,META/MQzA3F.O
META,META240119P00650000,META/MQzQWG.O
META,META240119P00700000,META/MQzg1G.O
META,META240621C00005000,META/MJ1ID.O
META,META240621C00010000,META/MJ1QG.O
META,META240621C00015000,META/MJ1YJ.O
META,META240621C00030000,META/MJ1wS.O
META,META240621C00050000,META/MJ1Qf.O
META,META240621C00060000,META/MJ1gl.O
META,META240621C00070000,META/MJ1wr.O
META,META240621C00080000,META/MJ1Ay.O
META,META240621C00085000,META/MJ1I1.O
META,META240621C00090000,META/MJ1Q4.O
META,META240621C00095000,META/MJ1Y7.O
META,META240621C00100000,META/MJ1g^.O
META,META240621C00105000,META/MJ1oBB.O
META,META240621C00110000,META/MJ1wEB.O
META,META240621C00115000,META/MJ14HB.O
META,META240621C00120000,META/MJ1ALB.O
META,META240621C00125000,META/MJ1IOB.O
META,META240621C00130000,META/MJ1QRB.O
META,META240621C00135000,META/MJ1YUB.O
META,META240621C00140000,META/MJ1gXB.O
META,META240621C00145000,META/MJ1oaB.O
META,META240621C00150000,META/MJ1wdB.O
META,META240621C00155000,META/MJ14gB.O
META,META240621C00160000,META/MJ1AkB.O
META,META240621C00165000,META/MJ1InB.O
META,META240621C00170000,META/MJ1QqB.O
META,META240621C00175000,META/MJ1YtB.O
META,META240621C00180000,META/MJ1gwB.O
META,META240621C00185000,META/MJ1ozB.O
META,META240621C00190000,META/MJ1w2B.O
META,META240621C00195000,META/MJ145B.O
META,META240621C00200000,META/MJ1A9B.O
META,META240621C00205000,META/MJ1IAC.O
META,META240621C00210000,META/MJ1QDC.O
META,META240621C00215000,META/MJ1YGC.O
META,META240621C00220000,META/MJ1gJC.O
META,META240621C00225000,META/MJ1oMC.O
META,META240621C00230000,META/MJ1wPC.O
META,META240621C00235000,META/MJ14SC.O
META,META240621C00240000,META/MJ1AWC.O
META,META240621C00245000,META/MJ1IZC.O
META,META240621C00250000,META/MJ1QcC.O
META,META240621C00255000,META/MJ1YfC.O
META,META240621C00260000,META/MJ1giC.O
META,META240621C00265000,META/MJ1olC.O
META,META240621C00270000,META/MJ1woC.O
META,META240621C00275000,META/MJ14rC.O
META,META240621C00280000,META/MJ1AvC.O
META,META240621C00285000,META/MJ1IyC.O
META,META240621C00290000,META/MJ1Q1C.O
META,META240621C00295000,META/MJ1Y4C.O
META,META240621C00300000,META/MJ1g7C.O
META,META240621C00305000,META/MJ1o^C.O
META,META240621C00310000,META/MJ1wBD.O
META,META240621P00005000,META/MV1ID.O
META,META240621P00010000,META/MV1QG.O
META,META240621P00015000,META/MV1YJ.O
META,META240621P00020000,META/MV1gM.O
META,META240621P00025000,META/MV1oP.O
META,META240621P00030000,META/MV1wS.O
META,META240621P00035000,META/MV14V.O
META,META240621P00040000,META/MV1AZ.O
META,META240621P00050000,META/MV1Qf.O
META,META240621P00060000,META/MV1gl.O
META,META240621P00070000,META/MV1wr.O
META,META240621P00080000,META/MV1Ay.O
META,META240621P00085000,META/MV1I1.O
META,META240621P00090000,META/MV1Q4.O
META,META240621P00095000,META/MV1Y7.O
META,META240621P00100000,META/MV1g^.O
META,META240621P00105000,META/MV1oBB.O
META,META240621P00110000,META/MV1wEB.O
META,META240621P00115000,META/MV14HB.O
META,META240621P00120000,META/MV1ALB.O
META,META240621P00125000,META/MV1IOB.O
META,META240621P00130000,META/MV1QRB.O
META,META240621P00135000,META/MV1YUB.O
META,META240621P00140000,META/MV1gXB.O
META,META240621P00145000,META/MV1oaB.O
META,META240621P00150000,META/MV1wdB.O
META,META240621P00155000,META/MV14gB.O
META,META240621P00160000,META/MV1AkB.O
META,META240621P00165000,META/MV1InB.O
META,META240621P00170000,META/MV1QqB.O
META,META240621P00175000,META/MV1YtB.O
META,META240621P00180000,META/MV1gwB.O
META,META240621P00185000,META/MV1ozB.O
META,META240621P00190000,META/MV1w2B.O
META,META240621P00195000,META/MV145B.O
META,META240621P00200000,META/MV1A9B.O
META,META240621P00205000,META/MV1IAC.O
META,META240621P00210000,META/MV1QDC.O
META,META240621P00215000,META/MV1YGC.O
META,META240621P00220000,META/MV1gJC.O
META,META240621P00225000,META/MV1oMC.O
META,META240621P00230000,META/MV1wPC.O
META,META240621P00235000,META/MV14SC.O
META,META240621P00240000,META/MV1AWC.O
META,META240621P00245000,META/MV1IZC.O
META,META240621P00250000,META/MV1QcC.O
META,META240621P00255000,META/MV1YfC.O
META,META240621P00260000,META/MV1giC.O
META,META240621P00265000,META/MV1olC.O
META,META240621P00270000,META/MV1woC.O
META,META240621P00275000,META/MV14rC.O
META,META240621P00280000,META/MV1AvC.O
META,META240621P00285000,META/MV1IyC.O
META,META240621P00290000,META/MV1Q1C.O
META,META240621P00295000,META/MV1Y4C.O
META,META240621P00300000,META/MV1g7C.O
META,META240621P00305000,META/MV1o^C.O
META,META240621P00310000,META/MV1wBD.O
